image_id,dimension,modality,within_mean,cross_mean,n_matched_pairs
102tapSsNubXllWzP7asAW-qwMJApiWt6,gender,caption,0.9489856513964724,0.9465369396196036,12
102tapSsNubXllWzP7asAW-qwMJApiWt6,gender,justification,0.6781770726543508,0.6682998046292407,12
102tapSsNubXllWzP7asAW-qwMJApiWt6,gender,perception,0.6958741496598639,0.6862138888888888,12
102tapSsNubXllWzP7asAW-qwMJApiWt6,economic_status,caption,0.9489856513964724,0.9444042829032817,12
102tapSsNubXllWzP7asAW-qwMJApiWt6,economic_status,justification,0.6781770726543508,0.6015538951725868,12
102tapSsNubXllWzP7asAW-qwMJApiWt6,economic_status,perception,0.695874149659864,0.6631488888888889,12
102tapSsNubXllWzP7asAW-qwMJApiWt6,political_spectrum,caption,0.9489856513964724,0.9455141000416901,12
102tapSsNubXllWzP7asAW-qwMJApiWt6,political_spectrum,justification,0.6781770726543508,0.5864786188884962,12
102tapSsNubXllWzP7asAW-qwMJApiWt6,political_spectrum,perception,0.6958741496598639,0.6747383333333333,12
102tapSsNubXllWzP7asAW-qwMJApiWt6,personality,caption,0.9489856513964726,0.945567807017341,24
102tapSsNubXllWzP7asAW-qwMJApiWt6,personality,justification,0.6781770726543508,0.6284613276202885,24
102tapSsNubXllWzP7asAW-qwMJApiWt6,personality,perception,0.6958741496598639,0.6710625,24
103V6ocF--_BPMnZoK9eUxTWbIZG2QsHG,gender,caption,0.7737845681510573,0.7622286984399976,12
103V6ocF--_BPMnZoK9eUxTWbIZG2QsHG,gender,justification,0.5985512818789005,0.5823375444648173,12
103V6ocF--_BPMnZoK9eUxTWbIZG2QsHG,gender,perception,0.3730153871072239,0.3624930952380952,12
103V6ocF--_BPMnZoK9eUxTWbIZG2QsHG,economic_status,caption,0.7737845681510572,0.7234711274068393,12
103V6ocF--_BPMnZoK9eUxTWbIZG2QsHG,economic_status,justification,0.5985512818789005,0.45872994073416656,12
103V6ocF--_BPMnZoK9eUxTWbIZG2QsHG,economic_status,perception,0.3730153871072239,0.332685873015873,12
103V6ocF--_BPMnZoK9eUxTWbIZG2QsHG,political_spectrum,caption,0.7737845681510572,0.7563777890223785,12
103V6ocF--_BPMnZoK9eUxTWbIZG2QsHG,political_spectrum,justification,0.5985512818789006,0.5186514697637523,12
103V6ocF--_BPMnZoK9eUxTWbIZG2QsHG,political_spectrum,perception,0.3730153871072239,0.350071746031746,12
103V6ocF--_BPMnZoK9eUxTWbIZG2QsHG,personality,caption,0.7737845681510572,0.7494122136551283,24
103V6ocF--_BPMnZoK9eUxTWbIZG2QsHG,personality,justification,0.5985512818789006,0.5528522560131829,24
103V6ocF--_BPMnZoK9eUxTWbIZG2QsHG,personality,perception,0.3730153871072239,0.3416662698412698,24
10ha6FXS8e5O7LoMJMasGsqRPE_9V8tk4,gender,caption,0.8530505642264906,0.8486990000159494,12
10ha6FXS8e5O7LoMJMasGsqRPE_9V8tk4,gender,justification,0.7009743219683847,0.6925688539470315,12
10ha6FXS8e5O7LoMJMasGsqRPE_9V8tk4,gender,perception,0.3786038629737609,0.35894178571428575,12
10ha6FXS8e5O7LoMJMasGsqRPE_9V8tk4,economic_status,caption,0.8530505642264908,0.8154956317240852,12
10ha6FXS8e5O7LoMJMasGsqRPE_9V8tk4,economic_status,justification,0.7009743219683845,0.6270159598723585,12
10ha6FXS8e5O7LoMJMasGsqRPE_9V8tk4,economic_status,perception,0.378603862973761,0.28628623015873017,12
10ha6FXS8e5O7LoMJMasGsqRPE_9V8tk4,political_spectrum,caption,0.8530505642264908,0.8440629044852054,12
10ha6FXS8e5O7LoMJMasGsqRPE_9V8tk4,political_spectrum,justification,0.7009743219683845,0.6245081944563212,12
10ha6FXS8e5O7LoMJMasGsqRPE_9V8tk4,political_spectrum,perception,0.3786038629737609,0.33613178571428565,12
10ha6FXS8e5O7LoMJMasGsqRPE_9V8tk4,personality,caption,0.8530505642264906,0.8477667339860107,24
10ha6FXS8e5O7LoMJMasGsqRPE_9V8tk4,personality,justification,0.7009743219683845,0.6721847553339112,24
10ha6FXS8e5O7LoMJMasGsqRPE_9V8tk4,personality,perception,0.3786038629737609,0.35790667328042325,24
11DOuFmByYWPoQc2QyFxzxcb1da83nIqF,gender,caption,0.8618323940748022,0.8512170139426362,12
11DOuFmByYWPoQc2QyFxzxcb1da83nIqF,gender,justification,0.6384783103940039,0.6282671404107988,12
11DOuFmByYWPoQc2QyFxzxcb1da83nIqF,gender,perception,0.6263313694525429,0.6099241682863621,12
11DOuFmByYWPoQc2QyFxzxcb1da83nIqF,economic_status,caption,0.8618323940748022,0.8263196220521724,12
11DOuFmByYWPoQc2QyFxzxcb1da83nIqF,economic_status,justification,0.6384783103940038,0.5339012814991062,12
11DOuFmByYWPoQc2QyFxzxcb1da83nIqF,economic_status,perception,0.6263313694525429,0.5908502127200087,12
11DOuFmByYWPoQc2QyFxzxcb1da83nIqF,political_spectrum,caption,0.8618323940748022,0.8492374442921323,12
11DOuFmByYWPoQc2QyFxzxcb1da83nIqF,political_spectrum,justification,0.6384783103940039,0.5538174265906426,12
11DOuFmByYWPoQc2QyFxzxcb1da83nIqF,political_spectrum,perception,0.626331369452543,0.5824480660835762,12
11DOuFmByYWPoQc2QyFxzxcb1da83nIqF,personality,caption,0.8618323940748022,0.8461268939626923,24
11DOuFmByYWPoQc2QyFxzxcb1da83nIqF,personality,justification,0.6384783103940039,0.5892861334179197,24
11DOuFmByYWPoQc2QyFxzxcb1da83nIqF,personality,perception,0.6263313694525429,0.5994465488338193,24
135hGJxVBbYi9bnQervsmqZcCc4_Fn1fO,gender,caption,0.9124045215595693,0.9092637315696436,12
135hGJxVBbYi9bnQervsmqZcCc4_Fn1fO,gender,justification,0.6515889048784796,0.6348095659159679,12
135hGJxVBbYi9bnQervsmqZcCc4_Fn1fO,gender,perception,0.5887791545189506,0.5798700793650793,12
135hGJxVBbYi9bnQervsmqZcCc4_Fn1fO,economic_status,caption,0.912404521559569,0.905093326648669,12
135hGJxVBbYi9bnQervsmqZcCc4_Fn1fO,economic_status,justification,0.6515889048784796,0.5298819017858712,12
135hGJxVBbYi9bnQervsmqZcCc4_Fn1fO,economic_status,perception,0.5887791545189506,0.5555789814814814,12
135hGJxVBbYi9bnQervsmqZcCc4_Fn1fO,political_spectrum,caption,0.9124045215595693,0.9076327617538652,12
135hGJxVBbYi9bnQervsmqZcCc4_Fn1fO,political_spectrum,justification,0.6515889048784796,0.5667747800450581,12
135hGJxVBbYi9bnQervsmqZcCc4_Fn1fO,political_spectrum,perception,0.5887791545189505,0.5582462698412699,12
135hGJxVBbYi9bnQervsmqZcCc4_Fn1fO,personality,caption,0.9124045215595692,0.9091639036752698,24
135hGJxVBbYi9bnQervsmqZcCc4_Fn1fO,personality,justification,0.6515889048784796,0.6211006174623559,24
135hGJxVBbYi9bnQervsmqZcCc4_Fn1fO,personality,perception,0.5887791545189504,0.5741519841269841,24
13VAge1esbhXsqK9d8LznHQzWgjFA-qRY,gender,caption,0.9014493096774164,0.8981667179465552,12
13VAge1esbhXsqK9d8LznHQzWgjFA-qRY,gender,justification,0.6104150731809482,0.6008364231652872,12
13VAge1esbhXsqK9d8LznHQzWgjFA-qRY,gender,perception,0.4078248299319727,0.4038844444444445,12
13VAge1esbhXsqK9d8LznHQzWgjFA-qRY,economic_status,caption,0.9014493096774165,0.8863883167283925,12
13VAge1esbhXsqK9d8LznHQzWgjFA-qRY,economic_status,justification,0.6104150731809482,0.5411994051894428,12
13VAge1esbhXsqK9d8LznHQzWgjFA-qRY,economic_status,perception,0.40782482993197283,0.3538877777777778,12
13VAge1esbhXsqK9d8LznHQzWgjFA-qRY,political_spectrum,caption,0.9014493096774162,0.879698784702581,12
13VAge1esbhXsqK9d8LznHQzWgjFA-qRY,political_spectrum,justification,0.6104150731809481,0.535557142853942,12
13VAge1esbhXsqK9d8LznHQzWgjFA-qRY,political_spectrum,perception,0.40782482993197283,0.37697277777777777,12
13VAge1esbhXsqK9d8LznHQzWgjFA-qRY,personality,caption,0.9014493096774162,0.890996225009873,24
13VAge1esbhXsqK9d8LznHQzWgjFA-qRY,personality,justification,0.6104150731809482,0.559039435427881,24
13VAge1esbhXsqK9d8LznHQzWgjFA-qRY,personality,perception,0.4078248299319727,0.3854436111111111,24
13z1njXGzj6Pwf49GtwRXx5t754PbKHiJ,gender,caption,0.9357945879879553,0.9327440902609428,12
13z1njXGzj6Pwf49GtwRXx5t754PbKHiJ,gender,justification,0.6503006428720237,0.6280779261952948,12
13z1njXGzj6Pwf49GtwRXx5t754PbKHiJ,gender,perception,0.3659790249433106,0.33682658730158727,12
13z1njXGzj6Pwf49GtwRXx5t754PbKHiJ,economic_status,caption,0.9357945879879556,0.9272180586688745,12
13z1njXGzj6Pwf49GtwRXx5t754PbKHiJ,economic_status,justification,0.6503006428720237,0.5393610710627966,12
13z1njXGzj6Pwf49GtwRXx5t754PbKHiJ,economic_status,perception,0.36597902494331064,0.3011873015873016,12
13z1njXGzj6Pwf49GtwRXx5t754PbKHiJ,political_spectrum,caption,0.9357945879879553,0.9272478452296617,12
13z1njXGzj6Pwf49GtwRXx5t754PbKHiJ,political_spectrum,justification,0.6503006428720238,0.4581286513265817,12
13z1njXGzj6Pwf49GtwRXx5t754PbKHiJ,political_spectrum,perception,0.36597902494331064,0.2516459523809524,12
13z1njXGzj6Pwf49GtwRXx5t754PbKHiJ,personality,caption,0.9357945879879556,0.9301926462498891,24
13z1njXGzj6Pwf49GtwRXx5t754PbKHiJ,personality,justification,0.6503006428720238,0.5467080540853994,24
13z1njXGzj6Pwf49GtwRXx5t754PbKHiJ,personality,perception,0.36597902494331064,0.30099323412698414,24
14oyRi0Ae7uRpRiJRw1lPfwwhhldXC84U,gender,caption,0.9735345084571692,0.972604969808054,12
14oyRi0Ae7uRpRiJRw1lPfwwhhldXC84U,gender,justification,0.693370625576625,0.6770270682026823,12
14oyRi0Ae7uRpRiJRw1lPfwwhhldXC84U,gender,perception,0.5237726757369614,0.489380918367347,12
14oyRi0Ae7uRpRiJRw1lPfwwhhldXC84U,economic_status,caption,0.9735345084571692,0.9722071821295911,12
14oyRi0Ae7uRpRiJRw1lPfwwhhldXC84U,economic_status,justification,0.6933706255766249,0.48538171589800716,12
14oyRi0Ae7uRpRiJRw1lPfwwhhldXC84U,economic_status,perception,0.5237726757369614,0.48204748299319733,12
14oyRi0Ae7uRpRiJRw1lPfwwhhldXC84U,political_spectrum,caption,0.973534508457169,0.9731513154242273,12
14oyRi0Ae7uRpRiJRw1lPfwwhhldXC84U,political_spectrum,justification,0.693370625576625,0.6172163003335777,12
14oyRi0Ae7uRpRiJRw1lPfwwhhldXC84U,political_spectrum,perception,0.5237726757369614,0.4895720748299319,12
14oyRi0Ae7uRpRiJRw1lPfwwhhldXC84U,personality,caption,0.9735345084571692,0.9727479068958517,24
14oyRi0Ae7uRpRiJRw1lPfwwhhldXC84U,personality,justification,0.693370625576625,0.6534784946547981,24
14oyRi0Ae7uRpRiJRw1lPfwwhhldXC84U,personality,perception,0.5237726757369615,0.5024509580498866,24
160nowuoebdBnrXT3OgLQmAXD-qAJdkhn,gender,caption,0.9323471895247746,0.9265741657488279,12
160nowuoebdBnrXT3OgLQmAXD-qAJdkhn,gender,justification,0.6534842386284184,0.6357388319163345,12
160nowuoebdBnrXT3OgLQmAXD-qAJdkhn,gender,perception,0.5314405976676385,0.500550052910053,12
160nowuoebdBnrXT3OgLQmAXD-qAJdkhn,economic_status,caption,0.9323471895247746,0.9279441799376996,12
160nowuoebdBnrXT3OgLQmAXD-qAJdkhn,economic_status,justification,0.6534842386284184,0.5650108631198384,12
160nowuoebdBnrXT3OgLQmAXD-qAJdkhn,economic_status,perception,0.5314405976676385,0.4703744973544974,12
160nowuoebdBnrXT3OgLQmAXD-qAJdkhn,political_spectrum,caption,0.9323471895247746,0.9245681965540019,12
160nowuoebdBnrXT3OgLQmAXD-qAJdkhn,political_spectrum,justification,0.6534842386284184,0.5694856798073794,12
160nowuoebdBnrXT3OgLQmAXD-qAJdkhn,political_spectrum,perception,0.5314405976676385,0.46443796296296297,12
160nowuoebdBnrXT3OgLQmAXD-qAJdkhn,personality,caption,0.9323471895247746,0.9286325087603035,24
160nowuoebdBnrXT3OgLQmAXD-qAJdkhn,personality,justification,0.6534842386284184,0.6030083784323476,24
160nowuoebdBnrXT3OgLQmAXD-qAJdkhn,personality,perception,0.5314405976676385,0.5020210714285714,24
16G9fyPvX0wNHmwpIz9Vmx4TZPzi6H1by,gender,caption,0.9327609378541867,0.9205512886364456,12
16G9fyPvX0wNHmwpIz9Vmx4TZPzi6H1by,gender,justification,0.6509959389333214,0.6383756383352288,12
16G9fyPvX0wNHmwpIz9Vmx4TZPzi6H1by,gender,perception,0.6046914075153872,0.586232619047619,12
16G9fyPvX0wNHmwpIz9Vmx4TZPzi6H1by,economic_status,caption,0.9327609378541865,0.9185078029403594,12
16G9fyPvX0wNHmwpIz9Vmx4TZPzi6H1by,economic_status,justification,0.6509959389333215,0.5481763531286054,12
16G9fyPvX0wNHmwpIz9Vmx4TZPzi6H1by,economic_status,perception,0.6046914075153871,0.5682192063492063,12
16G9fyPvX0wNHmwpIz9Vmx4TZPzi6H1by,political_spectrum,caption,0.9327609378541867,0.922081532338595,12
16G9fyPvX0wNHmwpIz9Vmx4TZPzi6H1by,political_spectrum,justification,0.6509959389333216,0.5624728661942707,12
16G9fyPvX0wNHmwpIz9Vmx4TZPzi6H1by,political_spectrum,perception,0.6046914075153872,0.5636830555555555,12
16G9fyPvX0wNHmwpIz9Vmx4TZPzi6H1by,personality,caption,0.9327609378541867,0.9255278060108313,24
16G9fyPvX0wNHmwpIz9Vmx4TZPzi6H1by,personality,justification,0.6509959389333215,0.5877204746055913,24
16G9fyPvX0wNHmwpIz9Vmx4TZPzi6H1by,personality,perception,0.6046914075153871,0.564477380952381,24
16nwQtJeucg4qnhhT7vOZlCThfWr9ldn8,gender,caption,0.8029837245158212,0.7930412281159439,12
16nwQtJeucg4qnhhT7vOZlCThfWr9ldn8,gender,justification,0.6578616556461011,0.648369550136929,12
16nwQtJeucg4qnhhT7vOZlCThfWr9ldn8,gender,perception,0.5732890161383702,0.5526350954270597,12
16nwQtJeucg4qnhhT7vOZlCThfWr9ldn8,economic_status,caption,0.8029837245158212,0.7778063517097634,12
16nwQtJeucg4qnhhT7vOZlCThfWr9ldn8,economic_status,justification,0.657861655646101,0.6162955372151366,12
16nwQtJeucg4qnhhT7vOZlCThfWr9ldn8,economic_status,perception,0.5732890161383702,0.5094507549130765,12
16nwQtJeucg4qnhhT7vOZlCThfWr9ldn8,political_spectrum,caption,0.802983724515821,0.7861260767090595,12
16nwQtJeucg4qnhhT7vOZlCThfWr9ldn8,political_spectrum,justification,0.6578616556461011,0.6225515639184007,12
16nwQtJeucg4qnhhT7vOZlCThfWr9ldn8,political_spectrum,perception,0.5732890161383702,0.5536674003212395,12
16nwQtJeucg4qnhhT7vOZlCThfWr9ldn8,personality,caption,0.8029837245158212,0.7926263404411779,24
16nwQtJeucg4qnhhT7vOZlCThfWr9ldn8,personality,justification,0.657861655646101,0.6421729550959002,24
16nwQtJeucg4qnhhT7vOZlCThfWr9ldn8,personality,perception,0.5732890161383702,0.5598241132842026,24
183xelmd0KIfYZwqufkbw8T5Q0bUFu_RR,gender,caption,0.8729384037215171,0.8677690969331597,12
183xelmd0KIfYZwqufkbw8T5Q0bUFu_RR,gender,justification,0.6721306013508551,0.6614646721171656,12
183xelmd0KIfYZwqufkbw8T5Q0bUFu_RR,gender,perception,0.5545992063492063,0.5429294444444445,12
183xelmd0KIfYZwqufkbw8T5Q0bUFu_RR,economic_status,caption,0.872938403721517,0.8513780886976797,12
183xelmd0KIfYZwqufkbw8T5Q0bUFu_RR,economic_status,justification,0.6721306013508551,0.5671123660464977,12
183xelmd0KIfYZwqufkbw8T5Q0bUFu_RR,economic_status,perception,0.5545992063492063,0.4527777777777778,12
183xelmd0KIfYZwqufkbw8T5Q0bUFu_RR,political_spectrum,caption,0.8729384037215171,0.8595150173484375,12
183xelmd0KIfYZwqufkbw8T5Q0bUFu_RR,political_spectrum,justification,0.6721306013508551,0.612964783080233,12
183xelmd0KIfYZwqufkbw8T5Q0bUFu_RR,political_spectrum,perception,0.5545992063492063,0.5288761111111111,12
183xelmd0KIfYZwqufkbw8T5Q0bUFu_RR,personality,caption,0.8729384037215171,0.8622028564258536,24
183xelmd0KIfYZwqufkbw8T5Q0bUFu_RR,personality,justification,0.6721306013508551,0.5898742964435685,24
183xelmd0KIfYZwqufkbw8T5Q0bUFu_RR,personality,perception,0.5545992063492063,0.48465055555555553,24
1A-jAaJGMuowD6_ZwcKfoxUFD1VE03Hjr,gender,caption,0.9316917016193064,0.9285065348608194,12
1A-jAaJGMuowD6_ZwcKfoxUFD1VE03Hjr,gender,justification,0.7249633318287523,0.7175306771290263,12
1A-jAaJGMuowD6_ZwcKfoxUFD1VE03Hjr,gender,perception,0.5553095328047106,0.5450431310546932,12
1A-jAaJGMuowD6_ZwcKfoxUFD1VE03Hjr,economic_status,caption,0.9316917016193064,0.9183370579336821,12
1A-jAaJGMuowD6_ZwcKfoxUFD1VE03Hjr,economic_status,justification,0.7249633318287522,0.6815311562395605,12
1A-jAaJGMuowD6_ZwcKfoxUFD1VE03Hjr,economic_status,perception,0.5553095328047105,0.5359179128252016,12
1A-jAaJGMuowD6_ZwcKfoxUFD1VE03Hjr,political_spectrum,caption,0.9316917016193064,0.9270436193062482,12
1A-jAaJGMuowD6_ZwcKfoxUFD1VE03Hjr,political_spectrum,justification,0.7249633318287522,0.6618881517202203,12
1A-jAaJGMuowD6_ZwcKfoxUFD1VE03Hjr,political_spectrum,perception,0.5553095328047105,0.5309851699404818,12
1A-jAaJGMuowD6_ZwcKfoxUFD1VE03Hjr,personality,caption,0.9316917016193061,0.926546984347255,24
1A-jAaJGMuowD6_ZwcKfoxUFD1VE03Hjr,personality,justification,0.7249633318287522,0.6716664714811352,24
1A-jAaJGMuowD6_ZwcKfoxUFD1VE03Hjr,personality,perception,0.5553095328047105,0.5075148870422748,24
1C7EFJIu3VvSW5yNsdzCo02TfvOZ6NK9T,gender,caption,0.860314062315538,0.8566068064524589,12
1C7EFJIu3VvSW5yNsdzCo02TfvOZ6NK9T,gender,justification,0.6913075528684152,0.6816517610888586,12
1C7EFJIu3VvSW5yNsdzCo02TfvOZ6NK9T,gender,perception,0.6165912698412698,0.580555,12
1C7EFJIu3VvSW5yNsdzCo02TfvOZ6NK9T,economic_status,caption,0.860314062315538,0.8392782909928457,12
1C7EFJIu3VvSW5yNsdzCo02TfvOZ6NK9T,economic_status,justification,0.691307552868415,0.5501303766065399,12
1C7EFJIu3VvSW5yNsdzCo02TfvOZ6NK9T,economic_status,perception,0.6165912698412698,0.5791566666666667,12
1C7EFJIu3VvSW5yNsdzCo02TfvOZ6NK9T,political_spectrum,caption,0.860314062315538,0.8567720980887717,12
1C7EFJIu3VvSW5yNsdzCo02TfvOZ6NK9T,political_spectrum,justification,0.691307552868415,0.6417443726460618,12
1C7EFJIu3VvSW5yNsdzCo02TfvOZ6NK9T,political_spectrum,perception,0.6165912698412699,0.5737438888888888,12
1C7EFJIu3VvSW5yNsdzCo02TfvOZ6NK9T,personality,caption,0.860314062315538,0.8578206114427461,24
1C7EFJIu3VvSW5yNsdzCo02TfvOZ6NK9T,personality,justification,0.6913075528684152,0.6604963738423005,24
1C7EFJIu3VvSW5yNsdzCo02TfvOZ6NK9T,personality,perception,0.6165912698412698,0.5810547222222222,24
1DHpbzTqPkTr2dZbVQTAWaQKf4GlxDfps,gender,caption,0.8923918097615952,0.8834484435499622,12
1DHpbzTqPkTr2dZbVQTAWaQKf4GlxDfps,gender,justification,0.658281871472641,0.6431494243805246,12
1DHpbzTqPkTr2dZbVQTAWaQKf4GlxDfps,gender,perception,0.4704530608870532,0.44464444756814286,12
1DHpbzTqPkTr2dZbVQTAWaQKf4GlxDfps,economic_status,caption,0.892391809761595,0.8392536157056263,12
1DHpbzTqPkTr2dZbVQTAWaQKf4GlxDfps,economic_status,justification,0.658281871472641,0.49292446108824833,12
1DHpbzTqPkTr2dZbVQTAWaQKf4GlxDfps,economic_status,perception,0.47045306088705324,0.23389987068880028,12
1DHpbzTqPkTr2dZbVQTAWaQKf4GlxDfps,political_spectrum,caption,0.892391809761595,0.8557878424070653,12
1DHpbzTqPkTr2dZbVQTAWaQKf4GlxDfps,political_spectrum,justification,0.658281871472641,0.5369873887872864,12
1DHpbzTqPkTr2dZbVQTAWaQKf4GlxDfps,political_spectrum,perception,0.47045306088705324,0.41911467282150955,12
1DHpbzTqPkTr2dZbVQTAWaQKf4GlxDfps,personality,caption,0.892391809761595,0.8683710782441049,24
1DHpbzTqPkTr2dZbVQTAWaQKf4GlxDfps,personality,justification,0.658281871472641,0.5956683131525556,24
1DHpbzTqPkTr2dZbVQTAWaQKf4GlxDfps,personality,perception,0.47045306088705324,0.4098987609329446,24
1E7sGHkf9mgoSumKn_Oj9wLe8eymnUuig,gender,caption,0.8451707117138603,0.8381467474408986,12
1E7sGHkf9mgoSumKn_Oj9wLe8eymnUuig,gender,justification,0.5824880287810833,0.5703831102585899,12
1E7sGHkf9mgoSumKn_Oj9wLe8eymnUuig,gender,perception,0.36751003536335175,0.3589541723356009,12
1E7sGHkf9mgoSumKn_Oj9wLe8eymnUuig,economic_status,caption,0.8451707117138603,0.8040423808176014,12
1E7sGHkf9mgoSumKn_Oj9wLe8eymnUuig,economic_status,justification,0.5824880287810833,0.4175106652257276,12
1E7sGHkf9mgoSumKn_Oj9wLe8eymnUuig,economic_status,perception,0.36751003536335175,0.24977891480401684,12
1E7sGHkf9mgoSumKn_Oj9wLe8eymnUuig,political_spectrum,caption,0.8451707117138603,0.8359073003075678,12
1E7sGHkf9mgoSumKn_Oj9wLe8eymnUuig,political_spectrum,justification,0.5824880287810832,0.5166378044973859,12
1E7sGHkf9mgoSumKn_Oj9wLe8eymnUuig,political_spectrum,perception,0.36751003536335175,0.32467736961451243,12
1E7sGHkf9mgoSumKn_Oj9wLe8eymnUuig,personality,caption,0.8451707117138603,0.8362747102170994,24
1E7sGHkf9mgoSumKn_Oj9wLe8eymnUuig,personality,justification,0.5824880287810833,0.5496955303500848,24
1E7sGHkf9mgoSumKn_Oj9wLe8eymnUuig,personality,perception,0.36751003536335164,0.3578660430839002,24
1GXtaH5Nq_SC-6sHe432wuR1YcWyUX86E,gender,caption,0.8736012121249471,0.8695082655327803,12
1GXtaH5Nq_SC-6sHe432wuR1YcWyUX86E,gender,justification,0.6166704096709258,0.6115537449713949,12
1GXtaH5Nq_SC-6sHe432wuR1YcWyUX86E,gender,perception,0.2287849044379657,0.21648826719576716,12
1GXtaH5Nq_SC-6sHe432wuR1YcWyUX86E,economic_status,caption,0.8736012121249471,0.8499766593397237,12
1GXtaH5Nq_SC-6sHe432wuR1YcWyUX86E,economic_status,justification,0.6166704096709258,0.5101757880434902,12
1GXtaH5Nq_SC-6sHe432wuR1YcWyUX86E,economic_status,perception,0.22878490443796562,0.11020686507936506,12
1GXtaH5Nq_SC-6sHe432wuR1YcWyUX86E,political_spectrum,caption,0.8736012121249472,0.8601952722301996,12
1GXtaH5Nq_SC-6sHe432wuR1YcWyUX86E,political_spectrum,justification,0.6166704096709257,0.5826328785767565,12
1GXtaH5Nq_SC-6sHe432wuR1YcWyUX86E,political_spectrum,perception,0.2287849044379656,0.19968862433862433,12
1GXtaH5Nq_SC-6sHe432wuR1YcWyUX86E,personality,caption,0.8736012121249471,0.8639812441451542,24
1GXtaH5Nq_SC-6sHe432wuR1YcWyUX86E,personality,justification,0.6166704096709258,0.5666139104574499,24
1GXtaH5Nq_SC-6sHe432wuR1YcWyUX86E,personality,perception,0.22878490443796565,0.17764103835978837,24
1HViKSthdMW2OR8-KpSmEsWqC5upS1Wb-,gender,caption,0.9593809962513008,0.958219654177561,12
1HViKSthdMW2OR8-KpSmEsWqC5upS1Wb-,gender,justification,0.6550444015667044,0.6459602643660984,12
1HViKSthdMW2OR8-KpSmEsWqC5upS1Wb-,gender,perception,0.4807181223679948,0.45437243764172336,12
1HViKSthdMW2OR8-KpSmEsWqC5upS1Wb-,economic_status,caption,0.9593809962513008,0.9583194122164821,12
1HViKSthdMW2OR8-KpSmEsWqC5upS1Wb-,economic_status,justification,0.6550444015667045,0.5472813941175781,12
1HViKSthdMW2OR8-KpSmEsWqC5upS1Wb-,economic_status,perception,0.4807181223679948,0.41406371828096317,12
1HViKSthdMW2OR8-KpSmEsWqC5upS1Wb-,political_spectrum,caption,0.9593809962513008,0.9586483782597925,12
1HViKSthdMW2OR8-KpSmEsWqC5upS1Wb-,political_spectrum,justification,0.6550444015667045,0.5614265664740489,12
1HViKSthdMW2OR8-KpSmEsWqC5upS1Wb-,political_spectrum,perception,0.48071812236799477,0.41676062682215737,12
1HViKSthdMW2OR8-KpSmEsWqC5upS1Wb-,personality,caption,0.9593809962513008,0.9573242481243485,24
1HViKSthdMW2OR8-KpSmEsWqC5upS1Wb-,personality,justification,0.6550444015667045,0.6034511099592611,24
1HViKSthdMW2OR8-KpSmEsWqC5upS1Wb-,personality,perception,0.4807181223679948,0.399380715500486,24
1KCqQjSq3QRcBuByJxY87Xb--4lmy8mnr,gender,caption,0.9386661137020026,0.9287252769476471,12
1KCqQjSq3QRcBuByJxY87Xb--4lmy8mnr,gender,justification,0.73887498155647,0.7301149356698075,12
1KCqQjSq3QRcBuByJxY87Xb--4lmy8mnr,gender,perception,0.5165313816002591,0.5006971428571428,12
1KCqQjSq3QRcBuByJxY87Xb--4lmy8mnr,economic_status,caption,0.9386661137020025,0.9193097106075934,12
1KCqQjSq3QRcBuByJxY87Xb--4lmy8mnr,economic_status,justification,0.73887498155647,0.6482970500148303,12
1KCqQjSq3QRcBuByJxY87Xb--4lmy8mnr,economic_status,perception,0.5165313816002591,0.43898480158730163,12
1KCqQjSq3QRcBuByJxY87Xb--4lmy8mnr,political_spectrum,caption,0.9386661137020025,0.921400466903489,12
1KCqQjSq3QRcBuByJxY87Xb--4lmy8mnr,political_spectrum,justification,0.73887498155647,0.6162139862797494,12
1KCqQjSq3QRcBuByJxY87Xb--4lmy8mnr,political_spectrum,perception,0.5165313816002591,0.42229337301587305,12
1KCqQjSq3QRcBuByJxY87Xb--4lmy8mnr,personality,caption,0.9386661137020026,0.921608142228011,24
1KCqQjSq3QRcBuByJxY87Xb--4lmy8mnr,personality,justification,0.7388749815564699,0.6865537424024953,24
1KCqQjSq3QRcBuByJxY87Xb--4lmy8mnr,personality,perception,0.5165313816002591,0.46414803571428576,24
1Q_gMcjg8yrq2M7OCj1uBySMtP03fZgx-,gender,caption,0.8539696079925473,0.8328974767840757,12
1Q_gMcjg8yrq2M7OCj1uBySMtP03fZgx-,gender,justification,0.6493324627400165,0.6377207820056842,12
1Q_gMcjg8yrq2M7OCj1uBySMtP03fZgx-,gender,perception,0.4302205755318,0.41674395502645495,12
1Q_gMcjg8yrq2M7OCj1uBySMtP03fZgx-,economic_status,caption,0.8539696079925473,0.8171376482799958,12
1Q_gMcjg8yrq2M7OCj1uBySMtP03fZgx-,economic_status,justification,0.6493324627400165,0.5304169332751741,12
1Q_gMcjg8yrq2M7OCj1uBySMtP03fZgx-,economic_status,perception,0.43022057553180004,0.3327345238095238,12
1Q_gMcjg8yrq2M7OCj1uBySMtP03fZgx-,political_spectrum,caption,0.8539696079925473,0.6637153082053792,12
1Q_gMcjg8yrq2M7OCj1uBySMtP03fZgx-,political_spectrum,justification,0.6493324627400164,0.4855401323425225,12
1Q_gMcjg8yrq2M7OCj1uBySMtP03fZgx-,political_spectrum,perception,0.43022057553180004,0.37381494708994706,12
1Q_gMcjg8yrq2M7OCj1uBySMtP03fZgx-,personality,caption,0.8539696079925472,0.8318357633265713,24
1Q_gMcjg8yrq2M7OCj1uBySMtP03fZgx-,personality,justification,0.6493324627400164,0.6033655009526703,24
1Q_gMcjg8yrq2M7OCj1uBySMtP03fZgx-,personality,perception,0.4302205755318,0.40851202380952384,24
1Qc6MdxjsuI8dWcauI1lP-kf8VyhE7u-Z,gender,caption,0.8861189066532931,0.8765509813056512,12
1Qc6MdxjsuI8dWcauI1lP-kf8VyhE7u-Z,gender,justification,0.6395221590615379,0.6285412031037371,12
1Qc6MdxjsuI8dWcauI1lP-kf8VyhE7u-Z,gender,perception,0.7161065759637188,0.7036777777777777,12
1Qc6MdxjsuI8dWcauI1lP-kf8VyhE7u-Z,economic_status,caption,0.886118906653293,0.864714787063949,12
1Qc6MdxjsuI8dWcauI1lP-kf8VyhE7u-Z,economic_status,justification,0.6395221590615376,0.5414887291334284,12
1Qc6MdxjsuI8dWcauI1lP-kf8VyhE7u-Z,economic_status,perception,0.7161065759637188,0.7072377777777777,12
1Qc6MdxjsuI8dWcauI1lP-kf8VyhE7u-Z,political_spectrum,caption,0.8861189066532931,0.8781592769814855,12
1Qc6MdxjsuI8dWcauI1lP-kf8VyhE7u-Z,political_spectrum,justification,0.6395221590615378,0.5759081723973262,12
1Qc6MdxjsuI8dWcauI1lP-kf8VyhE7u-Z,political_spectrum,perception,0.7161065759637188,0.6896322222222223,12
1Qc6MdxjsuI8dWcauI1lP-kf8VyhE7u-Z,personality,caption,0.886118906653293,0.873247885161298,24
1Qc6MdxjsuI8dWcauI1lP-kf8VyhE7u-Z,personality,justification,0.6395221590615378,0.6117067992256796,24
1Qc6MdxjsuI8dWcauI1lP-kf8VyhE7u-Z,personality,perception,0.7161065759637188,0.6906672222222223,24
1RL3a1P0MAEe7b91QhSX-L6oBRP76YNZm,gender,caption,0.765610136549404,0.7585438353418873,12
1RL3a1P0MAEe7b91QhSX-L6oBRP76YNZm,gender,justification,0.5238286692445224,0.5109241560178622,12
1RL3a1P0MAEe7b91QhSX-L6oBRP76YNZm,gender,perception,0.25137018478026135,0.23633045860521074,12
1RL3a1P0MAEe7b91QhSX-L6oBRP76YNZm,economic_status,caption,0.7656101365494039,0.7481141184376723,12
1RL3a1P0MAEe7b91QhSX-L6oBRP76YNZm,economic_status,justification,0.5238286692445223,0.3771598581161526,12
1RL3a1P0MAEe7b91QhSX-L6oBRP76YNZm,economic_status,perception,0.25137018478026135,0.19519367346938776,12
1RL3a1P0MAEe7b91QhSX-L6oBRP76YNZm,political_spectrum,caption,0.7656101365494039,0.7557470525342644,12
1RL3a1P0MAEe7b91QhSX-L6oBRP76YNZm,political_spectrum,justification,0.5238286692445224,0.4662639151847134,12
1RL3a1P0MAEe7b91QhSX-L6oBRP76YNZm,political_spectrum,perception,0.2513701847802613,0.2157339739229025,12
1RL3a1P0MAEe7b91QhSX-L6oBRP76YNZm,personality,caption,0.7656101365494039,0.7567762534853948,24
1RL3a1P0MAEe7b91QhSX-L6oBRP76YNZm,personality,justification,0.5238286692445224,0.4920371265527408,24
1RL3a1P0MAEe7b91QhSX-L6oBRP76YNZm,personality,perception,0.25137018478026135,0.2160746315192744,24
1RMftDANDs5S8TJ3e7aHCrPpuCAd9xtda,gender,caption,0.9571178700722722,0.95460295984671,12
1RMftDANDs5S8TJ3e7aHCrPpuCAd9xtda,gender,justification,0.6558446263668384,0.6422018091694959,12
1RMftDANDs5S8TJ3e7aHCrPpuCAd9xtda,gender,perception,0.6552216958211857,0.6344373148148148,12
1RMftDANDs5S8TJ3e7aHCrPpuCAd9xtda,economic_status,caption,0.9571178700722721,0.9488726517694831,12
1RMftDANDs5S8TJ3e7aHCrPpuCAd9xtda,economic_status,justification,0.6558446263668385,0.5556821413763937,12
1RMftDANDs5S8TJ3e7aHCrPpuCAd9xtda,economic_status,perception,0.6552216958211855,0.6318360714285715,12
1RMftDANDs5S8TJ3e7aHCrPpuCAd9xtda,political_spectrum,caption,0.9571178700722722,0.9539666991476667,12
1RMftDANDs5S8TJ3e7aHCrPpuCAd9xtda,political_spectrum,justification,0.6558446263668384,0.5598238019550917,12
1RMftDANDs5S8TJ3e7aHCrPpuCAd9xtda,political_spectrum,perception,0.6552216958211856,0.6315396428571428,12
1RMftDANDs5S8TJ3e7aHCrPpuCAd9xtda,personality,caption,0.9571178700722722,0.9524926485777675,24
1RMftDANDs5S8TJ3e7aHCrPpuCAd9xtda,personality,justification,0.6558446263668384,0.6066028730924541,24
1RMftDANDs5S8TJ3e7aHCrPpuCAd9xtda,personality,perception,0.6552216958211856,0.6304011111111111,24
1SF9dCdqBX2lAPgUBP0_ucp6WHDf5j3jS,gender,caption,0.9672501713985566,0.9661907264658193,12
1SF9dCdqBX2lAPgUBP0_ucp6WHDf5j3jS,gender,justification,0.6672239924622395,0.6581921502687944,12
1SF9dCdqBX2lAPgUBP0_ucp6WHDf5j3jS,gender,perception,0.46863145178706406,0.4501247089947091,12
1SF9dCdqBX2lAPgUBP0_ucp6WHDf5j3jS,economic_status,caption,0.9672501713985566,0.9633573805673942,12
1SF9dCdqBX2lAPgUBP0_ucp6WHDf5j3jS,economic_status,justification,0.6672239924622395,0.5908232872273825,12
1SF9dCdqBX2lAPgUBP0_ucp6WHDf5j3jS,economic_status,perception,0.468631451787064,0.42112404761904765,12
1SF9dCdqBX2lAPgUBP0_ucp6WHDf5j3jS,political_spectrum,caption,0.9672501713985566,0.9659782098435082,12
1SF9dCdqBX2lAPgUBP0_ucp6WHDf5j3jS,political_spectrum,justification,0.6672239924622395,0.610679481233937,12
1SF9dCdqBX2lAPgUBP0_ucp6WHDf5j3jS,political_spectrum,perception,0.468631451787064,0.4164498148148148,12
1SF9dCdqBX2lAPgUBP0_ucp6WHDf5j3jS,personality,caption,0.9672501713985567,0.9658484862720988,24
1SF9dCdqBX2lAPgUBP0_ucp6WHDf5j3jS,personality,justification,0.6672239924622397,0.634056760508826,24
1SF9dCdqBX2lAPgUBP0_ucp6WHDf5j3jS,personality,perception,0.468631451787064,0.44386330026455023,24
1VRTZwO0EUPeAN6buNdcn_LvIt-y78z2X,gender,caption,0.9140007325022649,0.9114889766968957,12
1VRTZwO0EUPeAN6buNdcn_LvIt-y78z2X,gender,justification,0.6909573644030088,0.6818119475377769,12
1VRTZwO0EUPeAN6buNdcn_LvIt-y78z2X,gender,perception,0.8416468253968254,0.8364605555555557,12
1VRTZwO0EUPeAN6buNdcn_LvIt-y78z2X,economic_status,caption,0.9140007325022651,0.9109319761242575,12
1VRTZwO0EUPeAN6buNdcn_LvIt-y78z2X,economic_status,justification,0.6909573644030088,0.6421513078368976,12
1VRTZwO0EUPeAN6buNdcn_LvIt-y78z2X,economic_status,perception,0.8416468253968253,0.823173888888889,12
1VRTZwO0EUPeAN6buNdcn_LvIt-y78z2X,political_spectrum,caption,0.9140007325022651,0.906637485717822,12
1VRTZwO0EUPeAN6buNdcn_LvIt-y78z2X,political_spectrum,justification,0.6909573644030088,0.634025910985611,12
1VRTZwO0EUPeAN6buNdcn_LvIt-y78z2X,political_spectrum,perception,0.8416468253968254,0.7891038888888889,12
1VRTZwO0EUPeAN6buNdcn_LvIt-y78z2X,personality,caption,0.9140007325022649,0.910232153433364,24
1VRTZwO0EUPeAN6buNdcn_LvIt-y78z2X,personality,justification,0.690957364403009,0.6551200738980696,24
1VRTZwO0EUPeAN6buNdcn_LvIt-y78z2X,personality,perception,0.8416468253968254,0.8292472222222221,24
1VVqEHY3Eh-NtRWOsfSLxk2RoAPwBYQT9,gender,caption,0.9348609924488603,0.9317003339008046,12
1VVqEHY3Eh-NtRWOsfSLxk2RoAPwBYQT9,gender,justification,0.6796889173396866,0.6721393347947285,12
1VVqEHY3Eh-NtRWOsfSLxk2RoAPwBYQT9,gender,perception,0.3474835600907029,0.3076383333333333,12
1VVqEHY3Eh-NtRWOsfSLxk2RoAPwBYQT9,economic_status,caption,0.9348609924488605,0.9313912866388837,12
1VVqEHY3Eh-NtRWOsfSLxk2RoAPwBYQT9,economic_status,justification,0.6796889173396866,0.640748799901906,12
1VVqEHY3Eh-NtRWOsfSLxk2RoAPwBYQT9,economic_status,perception,0.3474835600907029,0.2946866666666667,12
1VVqEHY3Eh-NtRWOsfSLxk2RoAPwBYQT9,political_spectrum,caption,0.9348609924488601,0.9297116122383366,12
1VVqEHY3Eh-NtRWOsfSLxk2RoAPwBYQT9,political_spectrum,justification,0.6796889173396865,0.6053847141913239,12
1VVqEHY3Eh-NtRWOsfSLxk2RoAPwBYQT9,political_spectrum,perception,0.34748356009070297,0.29183777777777775,12
1VVqEHY3Eh-NtRWOsfSLxk2RoAPwBYQT9,personality,caption,0.9348609924488603,0.9297779193784601,24
1VVqEHY3Eh-NtRWOsfSLxk2RoAPwBYQT9,personality,justification,0.6796889173396865,0.654988339322596,24
1VVqEHY3Eh-NtRWOsfSLxk2RoAPwBYQT9,personality,perception,0.34748356009070297,0.2961444444444445,24
1_N1_AAszvKnXnIYt482CmVF4jRP1Agqb,gender,caption,0.9040953691433037,0.9013885144876924,12
1_N1_AAszvKnXnIYt482CmVF4jRP1Agqb,gender,justification,0.6559174654417044,0.6504281028485052,12
1_N1_AAszvKnXnIYt482CmVF4jRP1Agqb,gender,perception,0.3973390022675736,0.3853711111111111,12
1_N1_AAszvKnXnIYt482CmVF4jRP1Agqb,economic_status,caption,0.9040953691433037,0.8988569422106808,12
1_N1_AAszvKnXnIYt482CmVF4jRP1Agqb,economic_status,justification,0.6559174654417044,0.6218244026828231,12
1_N1_AAszvKnXnIYt482CmVF4jRP1Agqb,economic_status,perception,0.39733900226757374,0.33119444444444446,12
1_N1_AAszvKnXnIYt482CmVF4jRP1Agqb,political_spectrum,caption,0.9040953691433037,0.8923171476964561,12
1_N1_AAszvKnXnIYt482CmVF4jRP1Agqb,political_spectrum,justification,0.6559174654417044,0.5509695709103949,12
1_N1_AAszvKnXnIYt482CmVF4jRP1Agqb,political_spectrum,perception,0.39733900226757374,0.36294888888888893,12
1_N1_AAszvKnXnIYt482CmVF4jRP1Agqb,personality,caption,0.9040953691433037,0.9014348968570619,24
1_N1_AAszvKnXnIYt482CmVF4jRP1Agqb,personality,justification,0.6559174654417044,0.629637213401577,24
1_N1_AAszvKnXnIYt482CmVF4jRP1Agqb,personality,perception,0.3973390022675736,0.36962055555555545,24
1cdQpAYnq9dZiHJyXcfh_AxKsr4jrHWrJ,gender,caption,0.9274417518613961,0.9101820491847731,12
1cdQpAYnq9dZiHJyXcfh_AxKsr4jrHWrJ,gender,justification,0.7034057685255921,0.6939373198064999,12
1cdQpAYnq9dZiHJyXcfh_AxKsr4jrHWrJ,gender,perception,0.33882517074290036,0.3155535474030882,12
1cdQpAYnq9dZiHJyXcfh_AxKsr4jrHWrJ,economic_status,caption,0.9274417518613961,0.897098284365696,12
1cdQpAYnq9dZiHJyXcfh_AxKsr4jrHWrJ,economic_status,justification,0.7034057685255921,0.6319666256906634,12
1cdQpAYnq9dZiHJyXcfh_AxKsr4jrHWrJ,economic_status,perception,0.33882517074290036,0.3023630053449951,12
1cdQpAYnq9dZiHJyXcfh_AxKsr4jrHWrJ,political_spectrum,caption,0.9274417518613961,0.9218081354592345,12
1cdQpAYnq9dZiHJyXcfh_AxKsr4jrHWrJ,political_spectrum,justification,0.7034057685255922,0.613638133851451,12
1cdQpAYnq9dZiHJyXcfh_AxKsr4jrHWrJ,political_spectrum,perception,0.33882517074290036,0.2907851230968578,12
1cdQpAYnq9dZiHJyXcfh_AxKsr4jrHWrJ,personality,caption,0.9274417518613959,0.9210086691564404,24
1cdQpAYnq9dZiHJyXcfh_AxKsr4jrHWrJ,personality,justification,0.7034057685255921,0.6427656672157732,24
1cdQpAYnq9dZiHJyXcfh_AxKsr4jrHWrJ,personality,perception,0.33882517074290036,0.2940194800777454,24
1d_N60_USocfCq3b1PUo6ggQ0uXm7fxyP,gender,caption,0.8373646303086203,0.8330301882752073,12
1d_N60_USocfCq3b1PUo6ggQ0uXm7fxyP,gender,justification,0.5732845420817996,0.5626658339049144,12
1d_N60_USocfCq3b1PUo6ggQ0uXm7fxyP,gender,perception,0.46485969387755094,0.4518943253968253,12
1d_N60_USocfCq3b1PUo6ggQ0uXm7fxyP,economic_status,caption,0.8373646303086201,0.7733314889755913,12
1d_N60_USocfCq3b1PUo6ggQ0uXm7fxyP,economic_status,justification,0.5732845420817997,0.5061935593229422,12
1d_N60_USocfCq3b1PUo6ggQ0uXm7fxyP,economic_status,perception,0.46485969387755105,0.4029565079365079,12
1d_N60_USocfCq3b1PUo6ggQ0uXm7fxyP,political_spectrum,caption,0.8373646303086203,0.7964448880349462,12
1d_N60_USocfCq3b1PUo6ggQ0uXm7fxyP,political_spectrum,justification,0.5732845420817997,0.5319246470912853,12
1d_N60_USocfCq3b1PUo6ggQ0uXm7fxyP,political_spectrum,perception,0.46485969387755094,0.4234232539682539,12
1d_N60_USocfCq3b1PUo6ggQ0uXm7fxyP,personality,caption,0.8373646303086204,0.8139833855800527,24
1d_N60_USocfCq3b1PUo6ggQ0uXm7fxyP,personality,justification,0.5732845420817997,0.5451768912837914,24
1d_N60_USocfCq3b1PUo6ggQ0uXm7fxyP,personality,perception,0.46485969387755105,0.44611966269841274,24
1eV8XkQbq8rECy6hbZrN1_qwSRyWXDqsK,gender,caption,0.811735017999888,0.7964971113330502,12
1eV8XkQbq8rECy6hbZrN1_qwSRyWXDqsK,gender,justification,0.6261400419071355,0.6172503112338715,12
1eV8XkQbq8rECy6hbZrN1_qwSRyWXDqsK,gender,perception,0.5216487319134003,0.5131187641723356,12
1eV8XkQbq8rECy6hbZrN1_qwSRyWXDqsK,economic_status,caption,0.8117350179998882,0.6716932806359166,12
1eV8XkQbq8rECy6hbZrN1_qwSRyWXDqsK,economic_status,justification,0.6261400419071355,0.5147204982708178,12
1eV8XkQbq8rECy6hbZrN1_qwSRyWXDqsK,economic_status,perception,0.5216487319134003,0.45095270975056695,12
1eV8XkQbq8rECy6hbZrN1_qwSRyWXDqsK,political_spectrum,caption,0.8117350179998883,0.795432722423822,12
1eV8XkQbq8rECy6hbZrN1_qwSRyWXDqsK,political_spectrum,justification,0.6261400419071355,0.5509681063932591,12
1eV8XkQbq8rECy6hbZrN1_qwSRyWXDqsK,political_spectrum,perception,0.5216487319134003,0.4919118367346939,12
1eV8XkQbq8rECy6hbZrN1_qwSRyWXDqsK,personality,caption,0.8117350179998882,0.7860992914778532,24
1eV8XkQbq8rECy6hbZrN1_qwSRyWXDqsK,personality,justification,0.6261400419071353,0.5791055148297323,24
1eV8XkQbq8rECy6hbZrN1_qwSRyWXDqsK,personality,perception,0.5216487319134003,0.5050217176870748,24
1hCanLX8A-eYvjKFWTM3UHT6UGA8WG0YW,gender,caption,0.8661451766497713,0.8626578156692538,12
1hCanLX8A-eYvjKFWTM3UHT6UGA8WG0YW,gender,justification,0.6311908187860799,0.6247519369926599,12
1hCanLX8A-eYvjKFWTM3UHT6UGA8WG0YW,gender,perception,0.43775601311953355,0.42237410430839,12
1hCanLX8A-eYvjKFWTM3UHT6UGA8WG0YW,economic_status,caption,0.8661451766497713,0.8473590764708178,12
1hCanLX8A-eYvjKFWTM3UHT6UGA8WG0YW,economic_status,justification,0.6311908187860797,0.5362678036103883,12
1hCanLX8A-eYvjKFWTM3UHT6UGA8WG0YW,economic_status,perception,0.43775601311953355,0.3629769274376417,12
1hCanLX8A-eYvjKFWTM3UHT6UGA8WG0YW,political_spectrum,caption,0.8661451766497712,0.8460523541774106,12
1hCanLX8A-eYvjKFWTM3UHT6UGA8WG0YW,political_spectrum,justification,0.6311908187860797,0.5107913153035121,12
1hCanLX8A-eYvjKFWTM3UHT6UGA8WG0YW,political_spectrum,perception,0.43775601311953344,0.3762966950113378,12
1hCanLX8A-eYvjKFWTM3UHT6UGA8WG0YW,personality,caption,0.8661451766497712,0.856687099805669,24
1hCanLX8A-eYvjKFWTM3UHT6UGA8WG0YW,personality,justification,0.6311908187860799,0.5844450784740339,24
1hCanLX8A-eYvjKFWTM3UHT6UGA8WG0YW,personality,perception,0.4377560131195335,0.41748255668934237,24
1hctEzYSekwQsmfgDM6vrg-fFYs9iFc2A,gender,caption,0.9080030529224462,0.9003652970179582,12
1hctEzYSekwQsmfgDM6vrg-fFYs9iFc2A,gender,justification,0.6180462649767352,0.610419413351993,12
1hctEzYSekwQsmfgDM6vrg-fFYs9iFc2A,gender,perception,0.2726498589515171,0.2636994217687075,12
1hctEzYSekwQsmfgDM6vrg-fFYs9iFc2A,economic_status,caption,0.9080030529224463,0.8985783397183787,12
1hctEzYSekwQsmfgDM6vrg-fFYs9iFc2A,economic_status,justification,0.6180462649767352,0.5712990928103887,12
1hctEzYSekwQsmfgDM6vrg-fFYs9iFc2A,economic_status,perception,0.2726498589515171,0.23946975056689337,12
1hctEzYSekwQsmfgDM6vrg-fFYs9iFc2A,political_spectrum,caption,0.9080030529224462,0.8976730286110485,12
1hctEzYSekwQsmfgDM6vrg-fFYs9iFc2A,political_spectrum,justification,0.6180462649767352,0.5177574758818132,12
1hctEzYSekwQsmfgDM6vrg-fFYs9iFc2A,political_spectrum,perception,0.27264985895151705,0.23247066893424037,12
1hctEzYSekwQsmfgDM6vrg-fFYs9iFc2A,personality,caption,0.9080030529224462,0.9005329207364959,24
1hctEzYSekwQsmfgDM6vrg-fFYs9iFc2A,personality,justification,0.6180462649767352,0.5699739194706673,24
1hctEzYSekwQsmfgDM6vrg-fFYs9iFc2A,personality,perception,0.2726498589515171,0.24541502267573692,24
1hqaCcpInGSaHSJ2FZ-4kyifUstMq5NQ_,gender,caption,0.8840620920195962,0.8773429894068285,12
1hqaCcpInGSaHSJ2FZ-4kyifUstMq5NQ_,gender,justification,0.6422994218369842,0.6291924857185148,12
1hqaCcpInGSaHSJ2FZ-4kyifUstMq5NQ_,gender,perception,0.39744630709426626,0.3792744973544973,12
1hqaCcpInGSaHSJ2FZ-4kyifUstMq5NQ_,economic_status,caption,0.8840620920195962,0.8638022437427448,12
1hqaCcpInGSaHSJ2FZ-4kyifUstMq5NQ_,economic_status,justification,0.6422994218369843,0.5138234418783677,12
1hqaCcpInGSaHSJ2FZ-4kyifUstMq5NQ_,economic_status,perception,0.39744630709426626,0.3508664814814815,12
1hqaCcpInGSaHSJ2FZ-4kyifUstMq5NQ_,political_spectrum,caption,0.8840620920195962,0.8463837695506188,12
1hqaCcpInGSaHSJ2FZ-4kyifUstMq5NQ_,political_spectrum,justification,0.6422994218369842,0.5518119641040928,12
1hqaCcpInGSaHSJ2FZ-4kyifUstMq5NQ_,political_spectrum,perception,0.3974463070942662,0.35533119047619044,12
1hqaCcpInGSaHSJ2FZ-4kyifUstMq5NQ_,personality,caption,0.8840620920195962,0.8705835338484448,24
1hqaCcpInGSaHSJ2FZ-4kyifUstMq5NQ_,personality,justification,0.6422994218369843,0.5830560514268739,24
1hqaCcpInGSaHSJ2FZ-4kyifUstMq5NQ_,personality,perception,0.39744630709426626,0.3449201388888889,24
1iJTUQJrnL6JpSTFVieUrVMOwmk8CxOCQ,gender,caption,0.9721870801484167,0.9714129439411355,12
1iJTUQJrnL6JpSTFVieUrVMOwmk8CxOCQ,gender,justification,0.6642344052315828,0.6567772519471413,12
1iJTUQJrnL6JpSTFVieUrVMOwmk8CxOCQ,gender,perception,0.46155155409284593,0.4279371494336881,12
1iJTUQJrnL6JpSTFVieUrVMOwmk8CxOCQ,economic_status,caption,0.9721870801484166,0.9660571100120411,12
1iJTUQJrnL6JpSTFVieUrVMOwmk8CxOCQ,economic_status,justification,0.664234405231583,0.5965925160340452,12
1iJTUQJrnL6JpSTFVieUrVMOwmk8CxOCQ,economic_status,perception,0.46155155409284593,0.4187073924025481,12
1iJTUQJrnL6JpSTFVieUrVMOwmk8CxOCQ,political_spectrum,caption,0.9721870801484167,0.9661883028083529,12
1iJTUQJrnL6JpSTFVieUrVMOwmk8CxOCQ,political_spectrum,justification,0.664234405231583,0.5843504717348852,12
1iJTUQJrnL6JpSTFVieUrVMOwmk8CxOCQ,political_spectrum,perception,0.46155155409284593,0.3907548042212729,12
1iJTUQJrnL6JpSTFVieUrVMOwmk8CxOCQ,personality,caption,0.9721870801484166,0.969342138951682,24
1iJTUQJrnL6JpSTFVieUrVMOwmk8CxOCQ,personality,justification,0.664234405231583,0.6156454070675531,24
1iJTUQJrnL6JpSTFVieUrVMOwmk8CxOCQ,personality,perception,0.46155155409284604,0.4064510700729233,24
1jdOSY2GTxgFXHke0EClaQQxAXyzJMsRh,gender,caption,0.8590980089637181,0.8419764526781485,12
1jdOSY2GTxgFXHke0EClaQQxAXyzJMsRh,gender,justification,0.6696118005885352,0.6542055271103644,12
1jdOSY2GTxgFXHke0EClaQQxAXyzJMsRh,gender,perception,0.5159331065759638,0.49742555555555557,12
1jdOSY2GTxgFXHke0EClaQQxAXyzJMsRh,economic_status,caption,0.8590980089637182,0.8325837903150806,12
1jdOSY2GTxgFXHke0EClaQQxAXyzJMsRh,economic_status,justification,0.6696118005885352,0.5125196721586721,12
1jdOSY2GTxgFXHke0EClaQQxAXyzJMsRh,economic_status,perception,0.5159331065759637,0.37357515873015873,12
1jdOSY2GTxgFXHke0EClaQQxAXyzJMsRh,political_spectrum,caption,0.8590980089637181,0.8453796386348418,12
1jdOSY2GTxgFXHke0EClaQQxAXyzJMsRh,political_spectrum,justification,0.6696118005885353,0.5982217416167466,12
1jdOSY2GTxgFXHke0EClaQQxAXyzJMsRh,political_spectrum,perception,0.5159331065759637,0.48079444444444447,12
1jdOSY2GTxgFXHke0EClaQQxAXyzJMsRh,personality,caption,0.8590980089637181,0.8414037555705085,24
1jdOSY2GTxgFXHke0EClaQQxAXyzJMsRh,personality,justification,0.6696118005885353,0.6021794605580336,24
1jdOSY2GTxgFXHke0EClaQQxAXyzJMsRh,personality,perception,0.5159331065759637,0.47276019841269834,24
1k1UuU5dx3CPZHW_4sfUxolXLMyWE3yyy,gender,caption,0.8549206844694851,0.8481370458162879,12
1k1UuU5dx3CPZHW_4sfUxolXLMyWE3yyy,gender,justification,0.584163753570398,0.5743392181474599,12
1k1UuU5dx3CPZHW_4sfUxolXLMyWE3yyy,gender,perception,0.4771389125094481,0.45648909065667076,12
1k1UuU5dx3CPZHW_4sfUxolXLMyWE3yyy,economic_status,caption,0.8549206844694853,0.8226736974317155,12
1k1UuU5dx3CPZHW_4sfUxolXLMyWE3yyy,economic_status,justification,0.5841637535703982,0.4801121485699246,12
1k1UuU5dx3CPZHW_4sfUxolXLMyWE3yyy,economic_status,perception,0.47713891250944823,0.3901968820861678,12
1k1UuU5dx3CPZHW_4sfUxolXLMyWE3yyy,political_spectrum,caption,0.8549206844694853,0.8437710414768548,12
1k1UuU5dx3CPZHW_4sfUxolXLMyWE3yyy,political_spectrum,justification,0.5841637535703981,0.5437296163982065,12
1k1UuU5dx3CPZHW_4sfUxolXLMyWE3yyy,political_spectrum,perception,0.47713891250944823,0.4454711374890092,12
1k1UuU5dx3CPZHW_4sfUxolXLMyWE3yyy,personality,caption,0.8549206844694851,0.8457383943005586,24
1k1UuU5dx3CPZHW_4sfUxolXLMyWE3yyy,personality,justification,0.5841637535703982,0.5439531276754658,24
1k1UuU5dx3CPZHW_4sfUxolXLMyWE3yyy,personality,perception,0.47713891250944823,0.43733785216807813,24
1kRR4l61IqjrIGK-7K1R1rYB0-zLsrrG4,gender,caption,0.9318015257893434,0.9280381861163075,12
1kRR4l61IqjrIGK-7K1R1rYB0-zLsrrG4,gender,justification,0.702674579205179,0.6942371348302503,12
1kRR4l61IqjrIGK-7K1R1rYB0-zLsrrG4,gender,perception,0.324100634367626,0.31192174271194467,12
1kRR4l61IqjrIGK-7K1R1rYB0-zLsrrG4,economic_status,caption,0.9318015257893434,0.8996000926805112,12
1kRR4l61IqjrIGK-7K1R1rYB0-zLsrrG4,economic_status,justification,0.702674579205179,0.5951114235756136,12
1kRR4l61IqjrIGK-7K1R1rYB0-zLsrrG4,economic_status,perception,0.324100634367626,0.24273789480077748,12
1kRR4l61IqjrIGK-7K1R1rYB0-zLsrrG4,political_spectrum,caption,0.9318015257893433,0.920773612753802,12
1kRR4l61IqjrIGK-7K1R1rYB0-zLsrrG4,political_spectrum,justification,0.702674579205179,0.6552497396900084,12
1kRR4l61IqjrIGK-7K1R1rYB0-zLsrrG4,political_spectrum,perception,0.32410063436762604,0.28775540282889583,12
1kRR4l61IqjrIGK-7K1R1rYB0-zLsrrG4,personality,caption,0.9318015257893434,0.921447260362863,24
1kRR4l61IqjrIGK-7K1R1rYB0-zLsrrG4,personality,justification,0.702674579205179,0.6641246337723276,24
1kRR4l61IqjrIGK-7K1R1rYB0-zLsrrG4,personality,perception,0.32410063436762604,0.28616678615008145,24
1kRXoE5m4UpYJMqBNT4niKKPc0R8hj6zR,gender,caption,0.8785523165121374,0.869940672578673,12
1kRXoE5m4UpYJMqBNT4niKKPc0R8hj6zR,gender,justification,0.6676381423360246,0.6627694909805794,12
1kRXoE5m4UpYJMqBNT4niKKPc0R8hj6zR,gender,perception,0.3195396825396825,0.3135894444444444,12
1kRXoE5m4UpYJMqBNT4niKKPc0R8hj6zR,economic_status,caption,0.8785523165121373,0.861775238322226,12
1kRXoE5m4UpYJMqBNT4niKKPc0R8hj6zR,economic_status,justification,0.6676381423360248,0.5563679126511907,12
1kRXoE5m4UpYJMqBNT4niKKPc0R8hj6zR,economic_status,perception,0.3195396825396825,0.30544499999999997,12
1kRXoE5m4UpYJMqBNT4niKKPc0R8hj6zR,political_spectrum,caption,0.8785523165121373,0.8645808707199657,12
1kRXoE5m4UpYJMqBNT4niKKPc0R8hj6zR,political_spectrum,justification,0.6676381423360246,0.5976979155168974,12
1kRXoE5m4UpYJMqBNT4niKKPc0R8hj6zR,political_spectrum,perception,0.31953968253968257,0.2595927777777778,12
1kRXoE5m4UpYJMqBNT4niKKPc0R8hj6zR,personality,caption,0.8785523165121373,0.8688135419743587,24
1kRXoE5m4UpYJMqBNT4niKKPc0R8hj6zR,personality,justification,0.6676381423360246,0.641038358204535,24
1kRXoE5m4UpYJMqBNT4niKKPc0R8hj6zR,personality,perception,0.3195396825396825,0.3033075,24
1khAXDwBS9Lwg4diDT7HjvdqavZ6qRPrX,gender,caption,0.844705205362355,0.8375580546298692,12
1khAXDwBS9Lwg4diDT7HjvdqavZ6qRPrX,gender,justification,0.5937134925159696,0.5850979410857478,12
1khAXDwBS9Lwg4diDT7HjvdqavZ6qRPrX,gender,perception,0.433355084828118,0.41725613175648507,12
1khAXDwBS9Lwg4diDT7HjvdqavZ6qRPrX,economic_status,caption,0.8447052053623553,0.8208510262956977,12
1khAXDwBS9Lwg4diDT7HjvdqavZ6qRPrX,economic_status,justification,0.5937134925159696,0.47903083044189776,12
1khAXDwBS9Lwg4diDT7HjvdqavZ6qRPrX,economic_status,perception,0.43335508482811796,0.30894243261607246,12
1khAXDwBS9Lwg4diDT7HjvdqavZ6qRPrX,political_spectrum,caption,0.8447052053623553,0.8341764423064225,12
1khAXDwBS9Lwg4diDT7HjvdqavZ6qRPrX,political_spectrum,justification,0.5937134925159695,0.529243761549491,12
1khAXDwBS9Lwg4diDT7HjvdqavZ6qRPrX,political_spectrum,perception,0.433355084828118,0.3896414655602194,12
1khAXDwBS9Lwg4diDT7HjvdqavZ6qRPrX,personality,caption,0.8447052053623553,0.8369674342745274,24
1khAXDwBS9Lwg4diDT7HjvdqavZ6qRPrX,personality,justification,0.5937134925159696,0.5629376027552565,24
1khAXDwBS9Lwg4diDT7HjvdqavZ6qRPrX,personality,perception,0.433355084828118,0.4111812617952027,24
1nCKChETlRSdOH97l6iNJrclGJUlHdZ-E,gender,caption,0.9312497824635136,0.9288268402802441,12
1nCKChETlRSdOH97l6iNJrclGJUlHdZ-E,gender,justification,0.7989269334838712,0.7951502700233464,12
1nCKChETlRSdOH97l6iNJrclGJUlHdZ-E,gender,perception,0.8255300453514739,0.8232222222222223,12
1nCKChETlRSdOH97l6iNJrclGJUlHdZ-E,economic_status,caption,0.9312497824635136,0.9173225371138972,12
1nCKChETlRSdOH97l6iNJrclGJUlHdZ-E,economic_status,justification,0.7989269334838712,0.7700297716418394,12
1nCKChETlRSdOH97l6iNJrclGJUlHdZ-E,economic_status,perception,0.8255300453514739,0.8220972222222223,12
1nCKChETlRSdOH97l6iNJrclGJUlHdZ-E,political_spectrum,caption,0.9312497824635134,0.9197236996502788,12
1nCKChETlRSdOH97l6iNJrclGJUlHdZ-E,political_spectrum,justification,0.7989269334838712,0.7513208283222106,12
1nCKChETlRSdOH97l6iNJrclGJUlHdZ-E,political_spectrum,perception,0.8255300453514741,0.821425,12
1nCKChETlRSdOH97l6iNJrclGJUlHdZ-E,personality,caption,0.9312497824635134,0.9188542127208107,24
1nCKChETlRSdOH97l6iNJrclGJUlHdZ-E,personality,justification,0.7989269334838713,0.7624826888237749,24
1nCKChETlRSdOH97l6iNJrclGJUlHdZ-E,personality,perception,0.8255300453514739,0.8203208333333333,24
1nu9kONAhZF_V7NSJZqG5GsEI1Vsc9J56,gender,caption,0.9603852997219238,0.9584586482013667,12
1nu9kONAhZF_V7NSJZqG5GsEI1Vsc9J56,gender,justification,0.6967112656650456,0.6883268659392767,12
1nu9kONAhZF_V7NSJZqG5GsEI1Vsc9J56,gender,perception,0.5591713840298024,0.5425580857182524,12
1nu9kONAhZF_V7NSJZqG5GsEI1Vsc9J56,economic_status,caption,0.9603852997219237,0.9531081658625079,12
1nu9kONAhZF_V7NSJZqG5GsEI1Vsc9J56,economic_status,justification,0.6967112656650456,0.610825333092768,12
1nu9kONAhZF_V7NSJZqG5GsEI1Vsc9J56,economic_status,perception,0.5591713840298024,0.5357855913210766,12
1nu9kONAhZF_V7NSJZqG5GsEI1Vsc9J56,political_spectrum,caption,0.9603852997219239,0.9579365386527051,12
1nu9kONAhZF_V7NSJZqG5GsEI1Vsc9J56,political_spectrum,justification,0.6967112656650456,0.6364370877827847,12
1nu9kONAhZF_V7NSJZqG5GsEI1Vsc9J56,political_spectrum,perception,0.5591713840298024,0.5338581179138323,12
1nu9kONAhZF_V7NSJZqG5GsEI1Vsc9J56,personality,caption,0.9603852997219237,0.9579866099745625,24
1nu9kONAhZF_V7NSJZqG5GsEI1Vsc9J56,personality,justification,0.6967112656650456,0.654889945312022,24
1nu9kONAhZF_V7NSJZqG5GsEI1Vsc9J56,personality,perception,0.5591713840298024,0.5349355620343376,24
1o7J69bQhbz_B92JymZCrYVdNyn3j3boo,gender,caption,0.9541579364199594,0.9523719147220072,12
1o7J69bQhbz_B92JymZCrYVdNyn3j3boo,gender,justification,0.6972476651497862,0.6902225194889048,12
1o7J69bQhbz_B92JymZCrYVdNyn3j3boo,gender,perception,0.7698885649497895,0.7622714285714286,12
1o7J69bQhbz_B92JymZCrYVdNyn3j3boo,economic_status,caption,0.9541579364199594,0.9470074833661882,12
1o7J69bQhbz_B92JymZCrYVdNyn3j3boo,economic_status,justification,0.6972476651497862,0.6014480246645711,12
1o7J69bQhbz_B92JymZCrYVdNyn3j3boo,economic_status,perception,0.7698885649497894,0.7606461111111112,12
1o7J69bQhbz_B92JymZCrYVdNyn3j3boo,political_spectrum,caption,0.9541579364199593,0.9509085333243239,12
1o7J69bQhbz_B92JymZCrYVdNyn3j3boo,political_spectrum,justification,0.6972476651497862,0.6069443113036593,12
1o7J69bQhbz_B92JymZCrYVdNyn3j3boo,political_spectrum,perception,0.7698885649497894,0.7556388095238096,12
1o7J69bQhbz_B92JymZCrYVdNyn3j3boo,personality,caption,0.9541579364199593,0.9511284230892579,24
1o7J69bQhbz_B92JymZCrYVdNyn3j3boo,personality,justification,0.6972476651497862,0.6278233069041633,24
1o7J69bQhbz_B92JymZCrYVdNyn3j3boo,personality,perception,0.7698885649497894,0.7571867063492063,24
1q3TNMRZ05nvi3ieCmJQFMvoRhls-oK46,gender,caption,0.8622375722601748,0.85615791093152,12
1q3TNMRZ05nvi3ieCmJQFMvoRhls-oK46,gender,justification,0.6374560318725531,0.6265212888902372,12
1q3TNMRZ05nvi3ieCmJQFMvoRhls-oK46,gender,perception,0.4941986691501998,0.48176792678976366,12
1q3TNMRZ05nvi3ieCmJQFMvoRhls-oK46,economic_status,caption,0.8622375722601751,0.8559211947703877,12
1q3TNMRZ05nvi3ieCmJQFMvoRhls-oK46,economic_status,justification,0.637456031872553,0.49666860621909836,12
1q3TNMRZ05nvi3ieCmJQFMvoRhls-oK46,economic_status,perception,0.4941986691501998,0.4736329818594105,12
1q3TNMRZ05nvi3ieCmJQFMvoRhls-oK46,political_spectrum,caption,0.8622375722601748,0.8563642230422647,12
1q3TNMRZ05nvi3ieCmJQFMvoRhls-oK46,political_spectrum,justification,0.6374560318725532,0.5646947502350305,12
1q3TNMRZ05nvi3ieCmJQFMvoRhls-oK46,political_spectrum,perception,0.4941986691501998,0.4709549886621316,12
1q3TNMRZ05nvi3ieCmJQFMvoRhls-oK46,personality,caption,0.8622375722601751,0.8544222229687227,24
1q3TNMRZ05nvi3ieCmJQFMvoRhls-oK46,personality,justification,0.6374560318725531,0.5965256765564139,24
1q3TNMRZ05nvi3ieCmJQFMvoRhls-oK46,personality,perception,0.4941986691501998,0.47789386054421773,24
1r7ff1KflZ1FUAQO6k9fhsHzpsmUdsFq4,gender,caption,0.9811345084603502,0.9802144061643149,12
1r7ff1KflZ1FUAQO6k9fhsHzpsmUdsFq4,gender,justification,0.7402469846567543,0.7364305354655504,12
1r7ff1KflZ1FUAQO6k9fhsHzpsmUdsFq4,gender,perception,0.5533715176546811,0.5432388492063492,12
1r7ff1KflZ1FUAQO6k9fhsHzpsmUdsFq4,economic_status,caption,0.9811345084603503,0.9794720741393768,12
1r7ff1KflZ1FUAQO6k9fhsHzpsmUdsFq4,economic_status,justification,0.7402469846567543,0.6176229278411339,12
1r7ff1KflZ1FUAQO6k9fhsHzpsmUdsFq4,economic_status,perception,0.5533715176546808,0.4630321825396826,12
1r7ff1KflZ1FUAQO6k9fhsHzpsmUdsFq4,political_spectrum,caption,0.9811345084603502,0.9800183867709992,12
1r7ff1KflZ1FUAQO6k9fhsHzpsmUdsFq4,political_spectrum,justification,0.7402469846567544,0.6308398640788988,12
1r7ff1KflZ1FUAQO6k9fhsHzpsmUdsFq4,political_spectrum,perception,0.5533715176546808,0.49151111111111123,12
1r7ff1KflZ1FUAQO6k9fhsHzpsmUdsFq4,personality,caption,0.9811345084603502,0.980127339887443,24
1r7ff1KflZ1FUAQO6k9fhsHzpsmUdsFq4,personality,justification,0.7402469846567543,0.6732467546851701,24
1r7ff1KflZ1FUAQO6k9fhsHzpsmUdsFq4,personality,perception,0.5533715176546808,0.5256167857142857,24
1s7eVvxbs_jcfRFj3ZfJR7PPJC7cBGSdj,gender,caption,0.8989119075035396,0.8713109315923745,12
1s7eVvxbs_jcfRFj3ZfJR7PPJC7cBGSdj,gender,justification,0.6804783320518689,0.6649267921998739,12
1s7eVvxbs_jcfRFj3ZfJR7PPJC7cBGSdj,gender,perception,0.3605385487528345,0.35075285714285714,12
1s7eVvxbs_jcfRFj3ZfJR7PPJC7cBGSdj,economic_status,caption,0.8989119075035394,0.8718894442295491,12
1s7eVvxbs_jcfRFj3ZfJR7PPJC7cBGSdj,economic_status,justification,0.6804783320518687,0.635281334892562,12
1s7eVvxbs_jcfRFj3ZfJR7PPJC7cBGSdj,economic_status,perception,0.3605385487528345,0.33984968253968256,12
1s7eVvxbs_jcfRFj3ZfJR7PPJC7cBGSdj,political_spectrum,caption,0.8989119075035394,0.882422422836727,12
1s7eVvxbs_jcfRFj3ZfJR7PPJC7cBGSdj,political_spectrum,justification,0.6804783320518689,0.6192196367676032,12
1s7eVvxbs_jcfRFj3ZfJR7PPJC7cBGSdj,political_spectrum,perception,0.3605385487528345,0.34831658730158727,12
1s7eVvxbs_jcfRFj3ZfJR7PPJC7cBGSdj,personality,caption,0.8989119075035394,0.8943443864028501,24
1s7eVvxbs_jcfRFj3ZfJR7PPJC7cBGSdj,personality,justification,0.6804783320518689,0.6570879613519445,24
1s7eVvxbs_jcfRFj3ZfJR7PPJC7cBGSdj,personality,perception,0.3605385487528345,0.35176952380952375,24
1sbeoG9lNoBoIWPVjpRxkq_-OFcm7JASF,gender,caption,0.850535421959448,0.8328217004212045,12
1sbeoG9lNoBoIWPVjpRxkq_-OFcm7JASF,gender,justification,0.6258050091769419,0.6115110349067107,12
1sbeoG9lNoBoIWPVjpRxkq_-OFcm7JASF,gender,perception,0.48610834413130327,0.45088628036929057,12
1sbeoG9lNoBoIWPVjpRxkq_-OFcm7JASF,economic_status,caption,0.850535421959448,0.8313258960014905,12
1sbeoG9lNoBoIWPVjpRxkq_-OFcm7JASF,economic_status,justification,0.6258050091769417,0.545542054534497,12
1sbeoG9lNoBoIWPVjpRxkq_-OFcm7JASF,economic_status,perception,0.48610834413130327,0.3641334758665371,12
1sbeoG9lNoBoIWPVjpRxkq_-OFcm7JASF,political_spectrum,caption,0.850535421959448,0.8391662909776431,12
1sbeoG9lNoBoIWPVjpRxkq_-OFcm7JASF,political_spectrum,justification,0.6258050091769419,0.5693887411242468,12
1sbeoG9lNoBoIWPVjpRxkq_-OFcm7JASF,political_spectrum,perception,0.48610834413130327,0.46146543407839324,12
1sbeoG9lNoBoIWPVjpRxkq_-OFcm7JASF,personality,caption,0.850535421959448,0.8401697423378659,24
1sbeoG9lNoBoIWPVjpRxkq_-OFcm7JASF,personality,justification,0.6258050091769417,0.5866436289617137,24
1sbeoG9lNoBoIWPVjpRxkq_-OFcm7JASF,personality,perception,0.4861083441313034,0.4428696213961776,24
1sfAJ-SYopUN1Hy20CmVASpKh0CmPGliN,gender,caption,0.693793390131766,0.6568168592762278,12
1sfAJ-SYopUN1Hy20CmVASpKh0CmPGliN,gender,justification,0.6032868327793144,0.5843845026183404,12
1sfAJ-SYopUN1Hy20CmVASpKh0CmPGliN,gender,perception,0.4222001133786848,0.39686499999999997,12
1sfAJ-SYopUN1Hy20CmVASpKh0CmPGliN,economic_status,caption,0.6937933901317659,0.6248135028015739,12
1sfAJ-SYopUN1Hy20CmVASpKh0CmPGliN,economic_status,justification,0.6032868327793143,0.49453380499592536,12
1sfAJ-SYopUN1Hy20CmVASpKh0CmPGliN,economic_status,perception,0.42220011337868485,0.363385,12
1sfAJ-SYopUN1Hy20CmVASpKh0CmPGliN,political_spectrum,caption,0.6937933901317659,0.6457244246590726,12
1sfAJ-SYopUN1Hy20CmVASpKh0CmPGliN,political_spectrum,justification,0.6032868327793143,0.47470513001540254,12
1sfAJ-SYopUN1Hy20CmVASpKh0CmPGliN,political_spectrum,perception,0.4222001133786848,0.4036261111111111,12
1sfAJ-SYopUN1Hy20CmVASpKh0CmPGliN,personality,caption,0.6937933901317658,0.6488542165718697,24
1sfAJ-SYopUN1Hy20CmVASpKh0CmPGliN,personality,justification,0.6032868327793144,0.5475912474607135,24
1sfAJ-SYopUN1Hy20CmVASpKh0CmPGliN,personality,perception,0.4222001133786848,0.3901336111111111,24
1t3cM_BgN9ALxP0Hp3f53XT5qE17uDx0A,gender,caption,0.8703577514193319,0.8647810083474999,12
1t3cM_BgN9ALxP0Hp3f53XT5qE17uDx0A,gender,justification,0.6256378134353656,0.6138675656588818,12
1t3cM_BgN9ALxP0Hp3f53XT5qE17uDx0A,gender,perception,0.6363008584386135,0.6247276984126984,12
1t3cM_BgN9ALxP0Hp3f53XT5qE17uDx0A,economic_status,caption,0.8703577514193319,0.8314717569054846,12
1t3cM_BgN9ALxP0Hp3f53XT5qE17uDx0A,economic_status,justification,0.6256378134353656,0.5069020445039424,12
1t3cM_BgN9ALxP0Hp3f53XT5qE17uDx0A,economic_status,perception,0.6363008584386135,0.5241249206349207,12
1t3cM_BgN9ALxP0Hp3f53XT5qE17uDx0A,political_spectrum,caption,0.8703577514193319,0.8517791872674906,12
1t3cM_BgN9ALxP0Hp3f53XT5qE17uDx0A,political_spectrum,justification,0.6256378134353656,0.5238509862870674,12
1t3cM_BgN9ALxP0Hp3f53XT5qE17uDx0A,political_spectrum,perception,0.6363008584386135,0.5897476984126984,12
1t3cM_BgN9ALxP0Hp3f53XT5qE17uDx0A,personality,caption,0.8703577514193319,0.8556597139475429,24
1t3cM_BgN9ALxP0Hp3f53XT5qE17uDx0A,personality,justification,0.6256378134353656,0.5499711636291017,24
1t3cM_BgN9ALxP0Hp3f53XT5qE17uDx0A,personality,perception,0.6363008584386135,0.5968653571428572,24
1vGXqNBhcyUBZaGxJsY9zWmyEZvMzG1yc,gender,caption,0.9733384953861202,0.9659300966176811,12
1vGXqNBhcyUBZaGxJsY9zWmyEZvMzG1yc,gender,justification,0.6642192229339804,0.6535948996577107,12
1vGXqNBhcyUBZaGxJsY9zWmyEZvMzG1yc,gender,perception,0.5259418720530541,0.5085986702299968,12
1vGXqNBhcyUBZaGxJsY9zWmyEZvMzG1yc,economic_status,caption,0.97333849538612,0.9632400886669236,12
1vGXqNBhcyUBZaGxJsY9zWmyEZvMzG1yc,economic_status,justification,0.6642192229339806,0.5743253929643174,12
1vGXqNBhcyUBZaGxJsY9zWmyEZvMzG1yc,economic_status,perception,0.525941872053054,0.4438262261094914,12
1vGXqNBhcyUBZaGxJsY9zWmyEZvMzG1yc,political_spectrum,caption,0.9733384953861202,0.9645082978412088,12
1vGXqNBhcyUBZaGxJsY9zWmyEZvMzG1yc,political_spectrum,justification,0.6642192229339805,0.5702441934526378,12
1vGXqNBhcyUBZaGxJsY9zWmyEZvMzG1yc,political_spectrum,perception,0.525941872053054,0.44191668907245446,12
1vGXqNBhcyUBZaGxJsY9zWmyEZvMzG1yc,personality,caption,0.97333849538612,0.9690121913127897,24
1vGXqNBhcyUBZaGxJsY9zWmyEZvMzG1yc,personality,justification,0.6642192229339805,0.6287413129902739,24
1vGXqNBhcyUBZaGxJsY9zWmyEZvMzG1yc,personality,perception,0.5259418720530541,0.4912472161483641,24
1vKcmpxFO6XnR5yGCJF-Vbq_dnVKj6QK_,gender,caption,0.9034451094983438,0.901364134420611,12
1vKcmpxFO6XnR5yGCJF-Vbq_dnVKj6QK_,gender,justification,0.7688641769791974,0.7641883224111127,12
1vKcmpxFO6XnR5yGCJF-Vbq_dnVKj6QK_,gender,perception,0.45621325508759725,0.4329212167831736,12
1vKcmpxFO6XnR5yGCJF-Vbq_dnVKj6QK_,economic_status,caption,0.9034451094983438,0.8786100562885655,12
1vKcmpxFO6XnR5yGCJF-Vbq_dnVKj6QK_,economic_status,justification,0.7688641769791974,0.7113083344213748,12
1vKcmpxFO6XnR5yGCJF-Vbq_dnVKj6QK_,economic_status,perception,0.45621325508759725,0.4210484276402225,12
1vKcmpxFO6XnR5yGCJF-Vbq_dnVKj6QK_,political_spectrum,caption,0.9034451094983438,0.8978367629776978,12
1vKcmpxFO6XnR5yGCJF-Vbq_dnVKj6QK_,political_spectrum,justification,0.7688641769791973,0.709464244343312,12
1vKcmpxFO6XnR5yGCJF-Vbq_dnVKj6QK_,political_spectrum,perception,0.45621325508759725,0.4238529071178732,12
1vKcmpxFO6XnR5yGCJF-Vbq_dnVKj6QK_,personality,caption,0.9034451094983437,0.8961480988889644,24
1vKcmpxFO6XnR5yGCJF-Vbq_dnVKj6QK_,personality,justification,0.7688641769791973,0.7344041468393617,24
1vKcmpxFO6XnR5yGCJF-Vbq_dnVKj6QK_,personality,perception,0.45621325508759725,0.41127368874505743,24
