image_id,mean_sim,std_sim,min_sim,max_sim,n_personas
102tapSsNubXllWzP7asAW-qwMJApiWt6,0.9447875,0.062141966,0.088831805,1.0000006,1200
103V6ocF--_BPMnZoK9eUxTWbIZG2QsHG,0.7343374,0.118839495,-0.021664027,1.0000006,1200
10ha6FXS8e5O7LoMJMasGsqRPE_9V8tk4,0.83084846,0.08810171,0.31930235,1.0000008,1200
11DOuFmByYWPoQc2QyFxzxcb1da83nIqF,0.83590317,0.114348434,0.053536437,1.0000007,1200
135hGJxVBbYi9bnQervsmqZcCc4_Fn1fO,0.9064896,0.07441168,0.0075293137,1.0000007,1200
13VAge1esbhXsqK9d8LznHQzWgjFA-qRY,0.88037556,0.07493369,0.05313704,1.0000007,1200
13z1njXGzj6Pwf49GtwRXx5t754PbKHiJ,0.9271485,0.058151286,0.07851469,1.0000006,1200
14oyRi0Ae7uRpRiJRw1lPfwwhhldXC84U,0.9725184,0.061437782,0.053655196,1.0000005,1199
160nowuoebdBnrXT3OgLQmAXD-qAJdkhn,0.9261584,0.06978504,0.054027908,1.0000007,1200
16G9fyPvX0wNHmwpIz9Vmx4TZPzi6H1by,0.91936094,0.11657611,0.033046372,1.0000006,1200
16nwQtJeucg4qnhhT7vOZlCThfWr9ldn8,0.7772641,0.09510375,0.18147722,1.000001,1195
183xelmd0KIfYZwqufkbw8T5Q0bUFu_RR,0.85339403,0.08375816,0.4700551,1.0000008,1200
1A-jAaJGMuowD6_ZwcKfoxUFD1VE03Hjr,0.9216668,0.0743602,0.3238005,1.0000007,1179
1C7EFJIu3VvSW5yNsdzCo02TfvOZ6NK9T,0.847977,0.114816315,-0.0071659805,1.0000005,1200
1DHpbzTqPkTr2dZbVQTAWaQKf4GlxDfps,0.85485446,0.085286506,0.14129575,1.0000007,1197
1E7sGHkf9mgoSumKn_Oj9wLe8eymnUuig,0.82043695,0.10687044,0.054525934,1.0000008,1199
1GXtaH5Nq_SC-6sHe432wuR1YcWyUX86E,0.8544904,0.06269864,0.5296124,1.0000008,1200
1HViKSthdMW2OR8-KpSmEsWqC5upS1Wb-,0.9573685,0.060586255,0.07347143,1.0000006,1200
1KCqQjSq3QRcBuByJxY87Xb--4lmy8mnr,0.91869074,0.06953978,0.17965175,1.0000006,1200
1Q_gMcjg8yrq2M7OCj1uBySMtP03fZgx-,0.7430799,0.16144636,0.06329009,1.0000008,1200
1Qc6MdxjsuI8dWcauI1lP-kf8VyhE7u-Z,0.8701652,0.09401153,0.07648656,1.0000006,1200
1RL3a1P0MAEe7b91QhSX-L6oBRP76YNZm,0.7506849,0.09099812,0.024641648,1.0000007,1197
1RMftDANDs5S8TJ3e7aHCrPpuCAd9xtda,0.94961226,0.066139676,0.22689784,1.0000005,1200
1SF9dCdqBX2lAPgUBP0_ucp6WHDf5j3jS,0.96445143,0.08340179,0.05454185,1.0000005,1200
1VRTZwO0EUPeAN6buNdcn_LvIt-y78z2X,0.9087538,0.06381819,0.1652277,1.0000008,1200
1VVqEHY3Eh-NtRWOsfSLxk2RoAPwBYQT9,0.92985266,0.08582457,0.010021831,1.0000005,1200
1_N1_AAszvKnXnIYt482CmVF4jRP1Agqb,0.8957564,0.069808066,0.009297457,1.0000007,1200
1cdQpAYnq9dZiHJyXcfh_AxKsr4jrHWrJ,0.90579355,0.0791412,0.0982444,1.0000005,1200
1d_N60_USocfCq3b1PUo6ggQ0uXm7fxyP,0.78721243,0.14902875,0.037144385,1.0000008,1200
1eV8XkQbq8rECy6hbZrN1_qwSRyWXDqsK,0.7282155,0.14442837,0.014209625,1.0000008,1199
1hCanLX8A-eYvjKFWTM3UHT6UGA8WG0YW,0.84865135,0.093229756,0.050410345,1.000001,1199
1hctEzYSekwQsmfgDM6vrg-fFYs9iFc2A,0.8981597,0.06338817,0.029420212,1.0000007,1199
1hqaCcpInGSaHSJ2FZ-4kyifUstMq5NQ_,0.85641855,0.072969146,0.19121733,1.0000008,1200
1iJTUQJrnL6JpSTFVieUrVMOwmk8CxOCQ,0.96697295,0.06497776,-0.00018726834,1.0000007,1015
1jdOSY2GTxgFXHke0EClaQQxAXyzJMsRh,0.8355037,0.089897804,0.44316435,1.0000008,1200
1k1UuU5dx3CPZHW_4sfUxolXLMyWE3yyy,0.831983,0.09869664,0.046433765,1.000001,1195
1kRR4l61IqjrIGK-7K1R1rYB0-zLsrrG4,0.9088624,0.07670655,-0.025516478,1.0000007,1192
1kRXoE5m4UpYJMqBNT4niKKPc0R8hj6zR,0.8624981,0.07320134,0.059499364,1.0000008,1200
1khAXDwBS9Lwg4diDT7HjvdqavZ6qRPrX,0.82833487,0.066194616,0.23842314,1.0000008,1194
1nCKChETlRSdOH97l6iNJrclGJUlHdZ-E,0.9182713,0.089360744,0.56841785,1.0000006,1200
1nu9kONAhZF_V7NSJZqG5GsEI1Vsc9J56,0.95556104,0.075137235,-0.04039959,1.0000007,1200
1o7J69bQhbz_B92JymZCrYVdNyn3j3boo,0.9486929,0.039258253,0.33669665,1.0000007,1200
1q3TNMRZ05nvi3ieCmJQFMvoRhls-oK46,0.8525594,0.08790329,0.048753984,1.000001,1199
1r7ff1KflZ1FUAQO6k9fhsHzpsmUdsFq4,0.9798152,0.04815258,0.02698287,1.0000008,1200
1s7eVvxbs_jcfRFj3ZfJR7PPJC7cBGSdj,0.8695109,0.06940322,0.39449927,1.0000008,1200
1sbeoG9lNoBoIWPVjpRxkq_-OFcm7JASF,0.83182526,0.11610154,0.07921073,1.0000008,1199
1sfAJ-SYopUN1Hy20CmVASpKh0CmPGliN,0.63365716,0.14328565,-0.056790616,1.0000007,1200
1t3cM_BgN9ALxP0Hp3f53XT5qE17uDx0A,0.84062046,0.09160781,-0.019996684,1.0000006,1200
1vGXqNBhcyUBZaGxJsY9zWmyEZvMzG1yc,0.9646597,0.06568909,0.039339717,1.0000006,1199
1vKcmpxFO6XnR5yGCJF-Vbq_dnVKj6QK_,0.88728666,0.06544892,0.4991668,1.0000007,1152
