persona_id,avg_compound,std_compound,n
45ae27f1-2c96-4633-962e-0e06e771d49f,-0.2707551020408163,0.5990986372116395,49
b14f1cf4-89c7-4331-910e-6e264fd324ee,-0.24204799999999999,0.6402044301181125,50
d4062330-8c46-4572-9ba8-270e1e24210e,-0.227938,0.6144260467248094,50
a2d38154-f128-4647-954d-5a4ebb4da141,-0.22712400000000002,0.6946788233244988,50
f9393cac-4fd7-4d0b-961b-737d710c0cc2,-0.220684,0.7081393020920014,50
2fb54878-dfa5-4869-8206-90fe8e3c3402,-0.21632,0.5690187447147367,50
27aaac20-907a-4547-8ec7-e62eaf6c050d,-0.213892,0.6057220591954021,50
718ec20f-ff84-44b4-9bc6-4a73b2a99566,-0.21012799999999998,0.6642954619991417,50
84cc50cb-bd1b-4691-99f4-1d49e53bac71,-0.20630204081632653,0.7176898777471704,49
41c9b4d2-5253-41a5-9d3a-2490433a1ccf,-0.2054,0.6662767680676451,49
2fa7bd42-bc1b-4df3-bd03-7be2f3a0ba19,-0.205014,0.6429118802124963,50
d2cc9b50-0271-4f3d-a66a-ca8229283881,-0.20477551020408163,0.6328104654800586,49
91a3a041-56f9-491f-a71f-0b842c50fc74,-0.20422,0.6319260170466224,50
4ef1b845-50a3-4d0c-b9a0-fc05e495e178,-0.202162,0.5914897866491051,50
2521df93-15c5-421c-a943-c6c7c138f955,-0.200962,0.5823865715575971,50
6e701a72-40b7-4845-b54e-69af0a13f55b,-0.19902800000000004,0.7169541894795266,50
631f3a13-b030-406e-87a9-7d15ab94d175,-0.198662,0.6586846571054485,50
c283d0c2-9f04-45b3-a7c0-7b39fcf08268,-0.196958,0.5834710142985087,50
fe7456c8-da91-4174-b975-32880085a610,-0.196654,0.6882188958878874,50
04c616b4-ea3c-4303-aa9c-71f142084079,-0.1962183673469388,0.5921757430841615,49
8bafe22a-1539-4dfb-89c6-754d8c009f0b,-0.19604081632653061,0.7078495811606585,49
6e1f8fe6-13fd-477e-b86f-0d2de5d310a3,-0.19515000000000002,0.6435453767333688,48
79ab00b5-f22b-4da8-bc52-3d88760f6b6e,-0.194756,0.6291726800249642,50
119be7f1-0ac1-46a7-a9ab-2f58195fe0d5,-0.191778,0.667724531460606,50
95a45710-ed8f-4add-93de-530b8e869de3,-0.190626,0.6442966168890645,50
3ac43283-c306-4561-8a3f-d0e2615afb42,-0.19049591836734694,0.6938657392822187,49
98c62b9f-7cad-4a77-a5ea-6649b5873126,-0.18972,0.6885365417955355,50
2ac20f20-e77a-44ff-965f-dcae69d7d471,-0.18818200000000002,0.6284351068701833,50
87f2ccdc-13b3-49f4-b2fb-0f5e29bd37f1,-0.18642857142857142,0.6800792894949823,49
f1bc0604-83da-409d-baa4-bbe1f235b0ca,-0.18613600000000002,0.7262079504170824,50
4f4ea0d5-fa72-442b-a097-2797fa8e6463,-0.186044,0.6842408342455013,50
ba49a005-e6ed-463c-9e64-8d28ea462532,-0.185804,0.6878114670964622,50
f9036f89-6b61-43c3-b2b9-790c9927fe25,-0.18573,0.6126448904011963,50
ea1cbf58-ba7e-40d8-acd8-84f8e2cba342,-0.184572,0.6908079218670596,50
c8c68735-3bfc-4286-89ec-9733c9e40526,-0.184556,0.6795512283132454,50
e79af768-2077-482e-8050-32ca0628e51b,-0.18404199999999998,0.7091518288513858,50
ed595d75-3ed9-4171-a0a0-f87007126769,-0.18360816326530613,0.6162299556702077,49
1bb9b99a-fcb6-4582-8985-4b03417ff6fc,-0.182452,0.6627947302020992,50
8a01a395-854b-40f9-8d7a-5639516c8592,-0.182144,0.6480907309748459,50
04f4ad2a-d1df-4de3-b33a-e48b8bcc1102,-0.18192599999999998,0.5960736616614852,50
81624afe-fff2-486c-9d36-5f59afab4d6b,-0.181146,0.6801453422734925,50
15e88db6-5d2e-472e-ab0c-782a522f642a,-0.18089,0.5656329422939962,50
da1e22ba-75de-43e2-8bf6-f336aefb5c51,-0.179698,0.6421718618874546,50
7644d8c5-cc38-4cf7-b966-d3788709db93,-0.1793204081632653,0.6746361377252408,49
762a7472-cfc9-470c-8d70-dd191d9c9ee7,-0.17837755102040817,0.6718622249220526,49
7490f02c-ff00-40ff-8a4b-bc5ecb1af01c,-0.17829799999999998,0.6613305454945216,50
f16c77a3-dcc5-4e2d-9b78-098e40de7977,-0.17810816326530612,0.7155719241851043,49
43136ee0-f9bb-41ef-8df4-0901f492665a,-0.177364,0.6109850760594296,50
0eaab594-9bc2-4c3b-a193-b04f4bfd734b,-0.17732200000000004,0.6206600085721783,50
ff7b6bb0-c7b4-46b4-8dc0-af4925f43162,-0.17703400000000002,0.6402085794074762,50
c055bccc-83d3-4e5f-92d9-3720cdff1aa3,-0.17554999999999998,0.6854860424456177,50
8ed873e2-8eee-4459-a7e2-c05ad164e7f0,-0.175024,0.6544409044149276,50
86ad5bcd-5af8-4e6c-b515-701d930682dd,-0.17422040816326528,0.6899460147901646,49
2ba40884-fd7e-4dc3-bef0-99408b064139,-0.173486,0.6746805436074534,50
c854b6ee-fc97-477d-9867-c615fba1415d,-0.173124,0.6002925727356891,50
0e7a8d2b-37c2-4648-964d-6a99f70bb190,-0.17258800000000002,0.6888306096803866,50
8439feaf-1d6f-491d-8df0-a06aa9888071,-0.17154,0.7049804617353388,50
97faf622-d603-44d2-bb01-75139cdd580f,-0.170294,0.5969862147282048,50
612fd41c-bdc5-439a-a3f7-86c0e8e8a38b,-0.170258,0.6021888855785082,50
192f5bd2-44c1-440b-b107-0aacea48c485,-0.168886,0.6605827822831742,50
1ff5ae1d-29c3-4aed-8134-0cc2d127e4c9,-0.16772244897959185,0.7331390273637584,49
6e69ebb8-386e-4c7d-b455-42d5c5f13b01,-0.167488,0.621361282609828,50
c18a5d6f-cb31-40d5-9a60-83fc42f01ff9,-0.16724799999999998,0.6897692622899341,50
fd15cb17-e39e-4ce5-9ba3-0ad599d29a06,-0.1671326530612245,0.6233551313215429,49
0c2f6581-ebd2-435d-810b-e7a513596898,-0.16708199999999998,0.6732673743948163,50
dc82d5b7-5bc0-40f8-ab25-276a466cf374,-0.16620000000000001,0.5992571704423157,50
a94abc7a-6cb1-4301-8ffe-62ef43650193,-0.16582448979591835,0.6579768757115164,49
02d9883c-813b-4d16-93de-b00e57fa3251,-0.165682,0.556294654961537,50
379d9da1-8d5e-42f0-85ef-b9832d0d68df,-0.165604,0.6783809852937825,50
8a91c157-3815-4fd2-9f5c-e3164e916f67,-0.1655,0.659312731840776,50
aab10224-9ca2-454d-b37d-217ff43afdab,-0.16544897959183671,0.7013568237478602,49
f33c17ac-cdec-4557-a7ad-acb927cc845b,-0.165246,0.6931164078129963,50
65e9015c-0270-44ed-8e57-6d29998f7238,-0.165016,0.6431451194223079,50
eb3df7ef-a91d-4e41-a89b-41a735d59a53,-0.164994,0.6610466028864795,50
2430e367-c8b6-431f-8770-80a4faeeab32,-0.164928,0.683971249556886,50
3f3ff1ee-6919-4d11-a1d1-84390255d752,-0.16473673469387756,0.6863178644931581,49
fdfdf6fd-8c5c-4759-8b42-e94ab3bb50ed,-0.16361599999999998,0.6445226008481639,50
1bebef94-38ee-45cd-a304-6bcdcac786b9,-0.1631142857142857,0.5874261155668855,49
d2aff928-4a62-4045-bae7-e1f88ad7aac4,-0.162056,0.644984632045997,50
fc9fe2e4-814e-42c8-9393-eb941522e5d8,-0.161388,0.6837103992606393,50
3446eebd-7aeb-4083-8b02-f7a13d3cc24f,-0.16119,0.6867354899546587,50
6e1faddd-ea52-4e16-8a1e-415003c56d4d,-0.160524,0.6659897828351546,50
5821cd6c-6494-4dee-bf59-225785772f0d,-0.16041,0.6518950886704494,50
c08ab85f-d7f1-4f0a-ba31-adf5be897d4c,-0.160122,0.5612301300659807,50
05341540-3a3c-4c3f-b69b-29d2bf1af96b,-0.16011632653061225,0.67551733981783,49
af39c604-db51-4c6e-ba03-21e8b900bf16,-0.159598,0.6757871269980854,50
e594fcc8-5107-4999-b4cd-676640cd0747,-0.15941632653061225,0.6770444958134025,49
8b96b2e7-b16f-4d1b-ad72-4a3a9a7449b1,-0.159114,0.6664539759389976,50
008cc9c2-56ac-4a8e-bfa7-1d46e22c5584,-0.15860204081632653,0.646159165921278,49
d9064d28-7179-41d4-af1e-28e8ee860ff8,-0.15826,0.699702322711711,50
d3985607-97e0-46db-bf96-40807f0a035f,-0.15806734693877553,0.6926984019000607,49
fcf319b8-494c-4fec-abbb-fcf7e81147e7,-0.157498,0.7036196390995142,50
bf788061-22f8-4471-a908-8d46cf3b25dc,-0.156662,0.6490798906489847,50
df9a2079-58af-40cd-b81d-4b8c49ead8ce,-0.15635,0.6822513760352856,50
91c998f2-5a30-4d6b-8b4c-5b54d765198f,-0.156108,0.6638519025401091,50
4bf35c91-e7f8-4ba9-81b0-2d13f5ea08e2,-0.15609591836734693,0.580056420732495,49
77c6718b-c5e7-41a1-9eb7-db9a6460d2a9,-0.15559599999999998,0.6872859310389539,50
7c9a0a85-c289-4a6b-9341-1675db0cf5a6,-0.154524,0.6898981050348032,50
fdbab451-a0c2-4c1a-b136-9664fafbdb00,-0.15442999999999998,0.6994437761681837,50
0eb57e08-a8b5-40ac-b915-97e3b9832236,-0.15428,0.6284427693002079,50
7e9f54f6-7074-432f-a35b-abcc95d745cb,-0.154124,0.6643695911899936,50
50ebc3bc-8400-42c3-8f53-7123a81a9491,-0.1538265306122449,0.7046592875802669,49
96764a06-89f3-49ad-a1db-c0e1bc11bc88,-0.15303,0.711684701240368,50
6108e427-27d6-4c55-819e-2f56922f9314,-0.15274200000000002,0.5437543563381674,50
ffb3f665-d921-4c8a-a891-f4099ffd5f7c,-0.151254,0.6735231014961398,50
1da53cdd-6abb-4233-9f05-0c039dc4a472,-0.15104800000000002,0.5690778951164805,50
51471db1-4a1a-4d20-bbce-f401a358e913,-0.149838,0.6509249384263183,50
aecaa7ad-2778-4a6f-b8ed-fe15b2aa93ba,-0.1494,0.6201820545745632,50
5488b54a-73cf-4f1d-a2c5-279d1dcde8bf,-0.149378,0.7301329955143622,50
b78de069-9a9e-494c-8798-9786fe013f61,-0.14931,0.6296860365228348,50
f11b9ddc-0e56-4eea-9efd-0af44c7bfacd,-0.14927400000000002,0.5974507968162118,50
87743bab-dd2a-453e-9bea-ba7bb585ea5b,-0.14879183673469387,0.6313100802553153,49
4f50bc13-78ca-485e-9db4-b80be79ce23a,-0.14865,0.6837920692576012,50
8c086cbf-70de-4840-b53a-5627ca3fe5e8,-0.14840799999999998,0.6847989494436917,50
f0b26d3a-df84-4331-ac98-6cd28318d7cf,-0.14741200000000002,0.6908885387052572,50
426a1573-6764-4974-b9bf-e40e2a6a1bfa,-0.14568163265306122,0.6707326736094485,49
33930b73-9c95-45da-bb6a-c134e7a9a736,-0.14469591836734694,0.7142706696808476,49
b864dc23-bad2-4149-b3ce-a32a43c64041,-0.14466122448979593,0.6671014614910308,49
ee9ad4c3-c230-4a23-854e-37c570c404d8,-0.14461428571428572,0.7279416385718478,49
200588e6-cf22-4e08-979c-48d2dca14877,-0.144286,0.6752536019473404,50
bb4ebe4e-57e6-41f0-b580-2b82fa0a91d0,-0.144266,0.6651172800095836,50
7ce2401c-9cad-42dd-a2f7-f05181ad2925,-0.144148,0.5865100135686744,50
c326c577-dcfe-4fdc-95a1-5e2a215f44ca,-0.14375400000000002,0.6775722752953957,50
e1be25e8-e128-4a0d-b755-1f6f60705fdd,-0.143232,0.6145918647196623,50
cc10d62b-f0fa-4bbd-bcd9-9cbb0ef4e661,-0.142994,0.7176687557811681,50
9b06c89d-7253-4958-ad58-3f01d7f39d82,-0.14298979591836736,0.7119809352681954,49
20c43037-4e66-4d84-8b8c-8b1033e374ed,-0.1427591836734694,0.7212194068954697,49
6c7cd3ee-7e3e-4668-8df1-3ef43984c36e,-0.14236938775510205,0.6659620291365722,49
1a9445ff-3d2e-4a9b-9bb7-4fac2b5024fb,-0.14201799999999998,0.620880915885006,50
f6e91565-339b-434b-ab91-72ece42e8726,-0.141872,0.6594105695240258,50
d8272c35-07ff-488e-8dec-2c70a1f0dc2a,-0.141868,0.7154328156081322,50
fa5f5444-a978-4db0-af74-144e904c781a,-0.141556,0.6956071487351382,50
2cd2d901-4231-41c4-998b-2a8aaf4b50a6,-0.141454,0.700015490851919,50
7d360a99-97dd-4b50-b949-acab4c7af11a,-0.141228,0.6153771105424639,50
3d1d1e59-9574-424a-ab90-7faecf072cb0,-0.14091875,0.6870038609499268,48
83455ae2-5246-489e-90a9-b5d2de933c75,-0.140602,0.6229799235111507,50
f954b036-5540-493a-beec-a558171bc2ec,-0.14025,0.676376587910514,50
b00b2c04-5a9a-47b6-8f6d-84234ef73515,-0.139154,0.6569280056258145,50
0eb7fb3c-6242-4d5d-a0de-12a56f130fdf,-0.13902857142857145,0.706505634856038,49
5bb6f297-e6e8-474a-b47e-fc2521938536,-0.13894800000000002,0.6670822802843648,50
cddead2f-0055-4cef-bdf7-f749801799ba,-0.138642,0.6917128772305244,50
9b6ac1e7-be81-42a3-a440-920d4c8ceaf5,-0.138452,0.6637699716016086,50
0476547c-6d10-487a-8355-b12cf9992ab7,-0.13827399999999998,0.6891791632849344,50
3e572f8b-f4bd-4514-be29-191b4d1452ba,-0.13736800000000002,0.7115294169603953,50
2d321226-0b06-4332-a94a-3a7bd5d1fcda,-0.13726530612244897,0.7182668424034752,49
75e022f8-2ddf-48e3-961e-401cee60beab,-0.13719591836734693,0.7170811428281042,49
14102a48-2296-4c1d-aec3-956de8e58e3a,-0.137174,0.7010605944319693,50
c98b7e05-e21e-4a35-b6c4-e3ad8c126cd4,-0.136986,0.688317285348991,50
f3bb04f5-5562-4d14-86bc-fe02b7ef7c8d,-0.136865306122449,0.6940828179304387,49
ab672bc5-2034-42f0-9404-8803db812611,-0.136478,0.6917290316154091,50
446320f7-f7af-46dd-bdb4-2ec055abbf74,-0.136158,0.687587463554081,50
acc8b7c6-833f-4bf6-84c1-a06a05dc1d28,-0.13577,0.6764644688770146,50
6859043e-9ba4-49be-880d-51a94225d7be,-0.13556530612244896,0.7185459271307983,49
79d91684-70c2-4825-be83-58253a273df3,-0.135544,0.6754126748068887,50
89a6d120-ffa5-4a91-ad32-760291818df8,-0.134916,0.5563373995946661,50
ee4c8ccd-aec3-4f7f-b354-acf2a44fe64e,-0.13467,0.6688486620716992,50
e2d5b589-8e1d-4eef-93d4-183f1ac0969f,-0.13445000000000001,0.6794943817250575,50
f98cc91a-af99-4d1a-8d10-a1a0c727bdd5,-0.13425800000000002,0.6892341029056551,50
3c15e883-891c-48db-9181-52752f98b3d5,-0.13399,0.6382080903848314,50
9f7eed5c-ac7a-40b4-a9db-3dad9e5e9033,-0.13398125,0.6872980215976336,48
1ff06fe5-e148-4b8c-ba9d-d0e8c0e25dc2,-0.13368,0.6833067751600242,50
a21a6658-d80a-461d-bbf6-53628625cfbc,-0.133608,0.6898417292127704,50
93139849-6f02-4aa6-9f29-d522432e0ae0,-0.13306458333333335,0.6838040777913496,48
3f7ed3ce-11e3-4c77-9465-8265799b3c4c,-0.132614,0.6399892371575877,50
c7f992ee-b20c-4ec3-8c4e-98d1898d7057,-0.13234791666666665,0.6561121852016127,48
01a3df3c-7237-4a34-bddc-eec194201086,-0.132242,0.6914673203693544,50
4c3db201-e596-4498-92a0-272ce4b9fc96,-0.131934,0.6713788509280504,50
4a006106-b003-4b4c-a971-4bd6b4dd84aa,-0.131696,0.6132275207690628,50
1e53e95a-9555-4253-933b-72f7b296c9dd,-0.131574,0.5927891836470869,50
fbf8f44e-eeea-447a-8eb3-ac068c6a2cf2,-0.13116938775510206,0.647962271022293,49
c525ac16-4c63-438f-8175-fc776f845d73,-0.13088999999999998,0.7006963735150503,50
7f48e762-5530-4d42-815b-58bc363bec05,-0.130824,0.631198035989288,50
ebfdec3d-f2dd-4d41-9684-60695e84581a,-0.13045102040816325,0.6507001060148115,49
7297ecd9-81e1-498a-9c0b-7e337ac8b514,-0.13028800000000001,0.6951348366162864,50
f3fc54a4-18bd-411c-a569-31273c3645eb,-0.129892,0.6790456784370853,50
f1cfab75-0fa6-46ea-897f-1f3ab60e59d6,-0.129654,0.6151214684125735,50
bce50811-a3f3-4696-ad55-78ebb09b4d32,-0.1294857142857143,0.719912821111001,49
aa37c462-d771-411e-a4b4-6d66621ad4b7,-0.12849,0.6488321773677344,50
a1ebc9ee-13d4-467d-8670-f98a4870b1b4,-0.128468,0.7045329949661112,50
424995f8-ef35-4ca4-8450-aea9e08d9480,-0.12817800000000001,0.7134822913838629,50
264c4b60-d4d2-49bb-8909-a09a608da9dc,-0.128104,0.7253322408217562,50
f8bee70f-5c7d-480f-bb69-6b38aa5c4201,-0.128054,0.6643535935242403,50
a7065560-0dd0-4a0d-8144-fb7140c5592d,-0.12803541666666665,0.5760424361915012,48
2670890e-2c1f-4a84-aafd-54d403468dc9,-0.12798367346938777,0.6719562604648396,49
7b10cbdd-8b8e-4189-bd55-bb628197c627,-0.127584,0.6476330755567554,50
da16e573-cd33-41cd-8bc7-24905bc4d7a3,-0.127538,0.7375008205848081,50
b0e6819d-e938-42be-a3ae-9cf62e8b9354,-0.127374,0.6720801330411214,50
9f0ff784-254f-4a03-b9f8-709e0e9e3261,-0.1272,0.6197107679541862,50
7a260c86-8a6a-4b42-bb69-e7dc6a0f3572,-0.12702040816326532,0.7340402852760626,49
d6346e3c-bb08-48c1-91db-1ce6d8ae99f3,-0.126842,0.6785879631338917,50
5b6b6e15-97b5-4b30-914f-3fc777514fea,-0.126438,0.7189879425885772,50
822063ad-02d6-41d9-8aef-b30a60b4f51d,-0.12577,0.6829629658737743,50
3976ed34-247a-4144-9d38-926ca37ecfc5,-0.125664,0.6847698891792268,50
d5af9c1c-03f1-4338-8faf-deff6604e1ba,-0.125648,0.6478811295732751,50
af86c556-fa6e-4b26-9bbd-3bf463947621,-0.1254,0.6587334173260384,50
d5d8f5bf-66e1-4a86-b354-38f1d0a74ac7,-0.12523,0.6066791137337895,50
655d9d7e-2204-4baa-bcdb-7ab31561f6c6,-0.12505,0.6150074000716228,50
68907aeb-0616-4e0c-bb4d-797ef77cff37,-0.12476599999999999,0.7263050134026872,50
cc53b4f8-2467-4dad-999d-f36bac74afb1,-0.124756,0.6329892816450773,50
971f9cc8-4681-4cc4-b44b-61d42b3d4487,-0.12465,0.7236306082836035,50
ec767fd4-2a68-4ac8-9086-f2687726b0e4,-0.12452,0.6790391254394337,50
9eafb9b1-6e87-4466-8a9d-915c655d5ef9,-0.12440999999999999,0.693231372940212,50
2d363350-20e8-45a4-a304-b5487bfed8b9,-0.12406199999999998,0.6458886515175688,50
e0be9222-5eb8-4dae-ba45-4af4859d261b,-0.12403673469387755,0.6999548639298935,49
34ac90bd-41bc-4349-9fce-0554f3cc0664,-0.123766,0.6516878164005355,50
b54a38f6-dfe2-4676-8f84-1aacf0681fa2,-0.123628,0.5995178930590471,50
5bc2f3ff-305e-483b-a180-50576ed3192a,-0.123268,0.6648290301748754,50
b4112a51-7e56-471d-af8b-d41ffc3dd369,-0.12326600000000001,0.6935130016908737,50
5f6fd2cd-6b43-4fbb-a773-721d8102069d,-0.12318199999999999,0.6974091969831877,50
7cb9f994-a0fd-4e12-bfe3-0dcdeec01514,-0.12258799999999999,0.6718485624554609,50
1ec4305e-c144-446e-99dd-897aa8262771,-0.122328,0.7053142055763199,50
e1b021c0-8b2e-4e3e-a9d0-6f6f26736818,-0.12193673469387754,0.7418154809581124,49
2852ccbb-ba56-4343-b8d1-2447478d0b0e,-0.12189,0.7357416722364626,50
61f5064b-acb4-43c2-a9f7-edc3933cc725,-0.121848,0.5602320981266858,50
a19257c7-e8e0-43d7-b3be-b6f4624dbad5,-0.121502,0.6595333178413788,50
397e710c-5e3d-44ca-9929-cc3dec41540b,-0.121204,0.5785053383628241,50
ed9437fd-6311-45cf-9d38-c8a8100501d6,-0.12106600000000001,0.6762585312329199,50
8e1e8a20-c55e-4901-b43d-beae6b4d7b6b,-0.120502,0.6604321545868621,50
00056301-002b-4188-ae79-f94a05a481f2,-0.12048,0.6705112432666128,50
ad58e3e7-f0e0-4f88-ac4d-8800c7f749b3,-0.12034600000000001,0.7412975571583788,50
215d626b-d0fa-4956-a61e-d830240ed89c,-0.12024285714285714,0.7411992188901263,49
229cdbd3-dde4-4156-8d99-145dac210c2b,-0.12022653061224489,0.7293404559873228,49
5b06fefe-9a2a-4c30-a835-5dfa9e767bfe,-0.11962199999999999,0.6539225399706242,50
b8a18ee4-0de0-4dbc-86f1-ee4c145a09c7,-0.11953199999999999,0.6918178554197275,50
72b2594b-a50f-4da7-8382-8eb933e9dfa5,-0.118188,0.6101226770720385,50
8d5de3d9-cce9-48e2-a269-9d5f547d05da,-0.11811999999999999,0.6109367761804784,50
c1b5e4bf-6ff8-452d-90ff-635990a06f31,-0.11808367346938774,0.6777021283188442,49
91275513-176e-41ef-9b13-2127de204039,-0.11783999999999999,0.6423772802676645,50
7e08e417-d283-41d7-88bc-7f55502ed137,-0.11755400000000002,0.68011490782133,50
31359c6b-259c-4017-a1cc-fa44096214d2,-0.11719795918367347,0.6927391516923344,49
81a70f94-d2a1-427a-a08b-a50b0803c35c,-0.11676,0.7248571949434072,50
88c01206-2467-4136-bd02-d4c19b84f1e4,-0.11671799999999999,0.631503849969682,50
fb050c10-0294-4570-ab7c-fed31ca381b5,-0.11631599999999999,0.6236338686984174,50
c0279f47-9016-455f-8742-a960e4726e2d,-0.11608750000000001,0.7460207770836047,48
daaf0ee4-c0bd-4b51-8c53-c19eb5c5286c,-0.11592653061224491,0.6731556744095647,49
e34b6cdf-6bf0-4036-8766-370919cdb581,-0.11583673469387755,0.7086199397696312,49
bf934e05-51da-4c74-a2cc-7dadde772606,-0.115824,0.6599489181097926,50
0d2c64bb-1290-4a29-be06-ea5a3e41e5d4,-0.11565306122448979,0.6532604783258491,49
9270441d-801e-4994-a283-93dc2a1bafd9,-0.11496734693877551,0.7039688630625397,49
a4fe6766-83e3-4aad-84c9-0e5df161d52a,-0.11490000000000002,0.7015729292097864,49
b2ec7714-87d1-4c7b-9a0f-e455c26c5a1d,-0.11475800000000001,0.5637292967699431,50
536103e1-f783-4adf-ab32-4c62650ecb87,-0.11474897959183673,0.6637781748955648,49
48155e08-f8d3-4cf1-9804-2573464a36d7,-0.11467599999999999,0.743523156813806,50
7ed4dc33-379a-4e0c-9b9c-c4d888071bd5,-0.11453799999999999,0.6848866451390303,50
5480fa19-339a-4246-b812-167a9a83d335,-0.11451800000000001,0.5813558731981994,50
d18b42dd-08ec-4302-bbd7-6afb56f73596,-0.114422,0.6652458969311074,50
ee076a4b-2d11-4d02-b096-3e923ce3ed1a,-0.11427399999999999,0.6835177034597254,50
04254e22-d48c-4a9c-9554-aceb64767aed,-0.11427,0.6491012474874748,50
9374b12b-c9fb-40a3-abe8-3327112b3f98,-0.11392999999999999,0.6716732627839042,50
aaf686d2-96df-4da3-aa3b-1bd61998a609,-0.113354,0.708149851030335,50
cd3b53ea-10d6-4f0d-812f-4f98f51bbbf2,-0.11321400000000001,0.6567221802595813,50
8c78821a-d485-4e4c-8723-caf490e24e98,-0.11279199999999999,0.5424219254794337,50
9b01d475-8658-4c29-8ac3-dca8262a86a9,-0.112776,0.7349388930755414,50
073de96d-b7d3-4b42-998d-6f551b5ba00c,-0.112652,0.7348441531955701,50
69c1cf59-2d84-401b-ac44-d432713cd8d5,-0.11236249999999999,0.7693093090765994,48
ab747621-9f33-48f2-9f95-144bbc8fea26,-0.11183877551020409,0.7183196586526104,49
83ac1d31-5df4-4fcd-9e0d-d2d6e3d14f73,-0.11180399999999999,0.6291929443407351,50
3897b4d7-f490-4bd6-94fa-5be3d2661a86,-0.11151632653061223,0.7077721789021458,49
74be09c6-e820-40d4-8ed5-ceaca1931cf4,-0.11141836734693877,0.7646086508996691,49
4701347a-a312-4314-904b-fdbb4bb2b08b,-0.11096122448979592,0.6961280751462353,49
2fa1aea0-aa44-4711-8030-d67e01300f56,-0.11093877551020408,0.6841637333929182,49
5a74f64e-0c74-47d8-bff6-2aee89a36df5,-0.11085800000000001,0.6771821622377994,50
d01aeec4-c075-424e-9f1d-c76456f735a2,-0.11075714285714286,0.7156154719889725,49
7e9608cf-9b3c-4a1f-9815-6de3fb14bd8e,-0.11058,0.7430607317174068,50
77a11e4f-2bb0-401c-866e-2a9670a21779,-0.11028,0.6833126337996421,50
76f49010-7f40-4db3-8fce-4c3543e1c6aa,-0.10998,0.6300025830850836,50
1dc92b27-618f-4925-bac1-e471b2fa4aee,-0.10989399999999999,0.5625798673131864,50
ebe0d3e3-c292-4896-8256-a85ed440c254,-0.10978199999999999,0.6796488092795441,50
8ff26b2e-4514-4b65-9cd2-4ea6ef5a82bd,-0.109588,0.7148009948944118,50
dd75ab68-a4bc-493f-9129-4c29776b7333,-0.109332,0.6688572982974128,50
c121efbf-d726-4163-b7d7-63ed738fe11a,-0.10881836734693877,0.6745410475752723,49
5e1aeb2a-96f8-4d6d-84a1-6ac788a372b8,-0.10873958333333333,0.6487539659993015,48
03a107be-2f7c-4340-b027-83a7fe3bf966,-0.10871,0.6688333480389412,50
970e6336-4973-448e-bab9-2a8a67433a64,-0.108306,0.6740348451024212,50
672b996f-1a72-40b5-82bd-b949a6b238da,-0.10762000000000001,0.557402472479743,50
b0e8decc-f94e-4ba4-b3ae-dcb433be8e07,-0.10722244897959184,0.6696996809096927,49
7db973a6-996d-45a3-9847-b29a1b860304,-0.10719200000000001,0.7317156871855824,50
ec5187ae-fcee-4485-9115-93b89ee97e67,-0.10689,0.6747365164511647,50
e90717b0-f0d0-4bac-ac37-a80b6d3f9f19,-0.10670816326530612,0.6961137798631098,49
6619a8bf-c054-4206-8902-5029770b25f9,-0.106574,0.6343399416362666,50
bc0bf42f-fb92-4faa-9a61-66e1129f778c,-0.10651,0.6457299196116226,50
aed9ee38-850d-47a7-8a1b-a83f42e0ccdc,-0.10638199999999999,0.7033423333147615,50
0a55bdd6-9d05-4bb6-b792-84b1950094db,-0.10626,0.6464392879932535,50
989dbfac-2fa5-47ba-b250-74221711edb4,-0.10624399999999999,0.7058222008756734,50
5fe829c3-8adb-4b97-a4ab-5e922ab3251a,-0.1060469387755102,0.6679769772423676,49
bd8aee65-f579-461e-9f11-09d37403ba9c,-0.105972,0.6059726029504392,50
b7dc566a-906d-419f-9e33-12094eac683a,-0.105544,0.6299297518852432,50
59b54067-edc6-4bbf-bfea-9d5832723624,-0.10550204081632653,0.7117278542655295,49
4354f88e-0071-4538-bd3a-03a3d1e772b7,-0.1052265306122449,0.7211138030781243,49
fb6f87c1-32df-4d0b-a0d1-10d65ef9b7df,-0.10476200000000001,0.6895947694679472,50
c3da38f7-95a3-4d7e-bb01-795aa6c01719,-0.10475510204081633,0.7377491138764656,49
7a5da0b5-6e79-44ef-9e58-b2f72597980e,-0.104702,0.5778554273292565,50
130aa40d-e126-49f7-a69a-e6689c63d749,-0.10422600000000001,0.624378921061006,50
cbc3c704-0a0e-4881-abef-2f21f33b5bb3,-0.104176,0.6563218519063615,50
c7de00a7-c7a6-40ea-bf24-477d39e883a7,-0.103934,0.7341506567317037,50
0e88eb65-2be0-4a52-bf30-634538e72a61,-0.10383200000000001,0.6863144306588723,50
cc0c7341-43db-4056-a728-8c8fb7dbdb52,-0.103768,0.6888356770489681,50
795e50f5-37a3-4bb5-a501-05f5f4540786,-0.103696,0.6978284284076406,50
86d80c45-7b97-4169-95d7-c0dd142473f1,-0.10366122448979591,0.7060639072870595,49
35892068-77dd-4bba-9a95-bf8dcc717a8e,-0.103628,0.6796438956646971,50
53b5ffa8-52df-41a3-a72d-07cbe462ab9a,-0.103552,0.6829747858136075,50
0e7c97be-981c-41c2-83e1-c45ca401ac3b,-0.103446,0.6868069752923336,50
f7483499-9ca4-4ae3-89a8-474bbdc98fa5,-0.10341836734693877,0.6937564247971177,49
6796ae85-630d-435f-8129-2cd27e74217d,-0.1032530612244898,0.6735414909584392,49
6e496e09-46b8-4a43-9f87-4c92821f1520,-0.103118,0.6784971931393374,50
763e0f79-5abc-4def-9857-ddaf2ce6d39a,-0.102704,0.6070746916221786,50
7969af6b-ffb7-4fa6-8a28-1e6456defc81,-0.10234897959183673,0.7289424117407038,49
f8cb65d3-5f2e-4177-82ef-e5c998c54b40,-0.102212,0.6666673645492945,50
0a1c55c7-47a5-4a9f-af7d-6a6494f33233,-0.10209200000000002,0.6129189831737095,50
0f2692d7-c10e-418f-b149-6186fcca5c56,-0.101588,0.7080895151643712,50
edf46379-6f21-45ae-92d0-7bbbdb842083,-0.101448,0.7329501052818349,50
32ef9a5c-2aa0-4002-931a-330a35e7e613,-0.101416,0.6928320886073924,50
ee181c8c-a65b-4638-a25f-1bf1777809cd,-0.10115400000000001,0.6632243355527506,50
c38069d0-1796-4b4a-a1f3-4b700f4b50bd,-0.10115,0.6644949499201538,50
7beb3da5-6d6c-4c5d-99c3-b4e82a4980e8,-0.10107708333333333,0.6814178479510246,48
ad4168a5-96da-49a8-93ea-292e424b6f43,-0.101032,0.6760256828353944,50
33b5f91f-3470-4056-8ee7-187ca0916ded,-0.10093,0.6027170179906239,50
bcb09ab4-5a48-4734-8909-65bdb91a7b77,-0.10082857142857142,0.6886658732651125,49
0e1c0ccb-bb0e-4066-b23a-4c10c96d1aec,-0.10071,0.6930134469496686,50
36e6ac6a-6369-40d8-b474-fa7f74a945f1,-0.10041800000000001,0.6548599216751063,50
cece02f7-472b-4ab6-83fa-f59ae565c58e,-0.100382,0.6758581935825393,50
692fdc3f-1b44-471d-b327-88d64546cd9b,-0.10027000000000001,0.616131283469187,50
1b99673b-5918-4c65-af4d-b64670b3e795,-0.10026800000000001,0.7236528002306304,50
105a71b1-11b9-4dc2-b89e-e76537a93b33,-0.100214,0.7108391310332903,50
e1f5243d-d10a-425e-9496-7791bf8451a3,-0.099948,0.6971328922707021,50
ca5e760a-185c-424a-ab33-85c33720c080,-0.09968333333333335,0.7087432324216902,48
476a9df5-906a-4ac1-93ab-28621f42af65,-0.09936734693877551,0.6877834807637973,49
485df811-498d-4640-8dc8-b7b60fb7b4ba,-0.09925918367346938,0.7132503008289959,49
27edd9cc-d0ce-420d-bd40-063f8cbc0674,-0.09905,0.7351791577429218,50
f7eb675a-0fc8-4bc6-b05e-391e7d1037ac,-0.098996,0.7281894900731961,50
d9e33615-223d-4485-970e-1946edc35df0,-0.098942,0.5972627938643875,50
24a9d5c0-8096-4770-82df-14538b92d2a2,-0.09876999999999998,0.6208212823283661,50
ac853000-21b0-4bdc-acbc-37c713fdb8da,-0.098578,0.6893796102708165,50
7d23ab58-7d71-4be8-86c2-df64acaf9fc7,-0.0984734693877551,0.6240625181607442,49
d690745e-bb51-40f1-b9c2-f1a637b6b2e8,-0.098194,0.5819098785017824,50
c6129b5c-3fe5-4ef7-af00-33208ab0bd90,-0.09810799999999999,0.722758216505721,50
2b2c8fac-6031-4ca6-a7fd-0fc3dd71d2f3,-0.09799,0.6661722778497393,50
d85c08be-2493-42a2-9e99-90e5b21fd436,-0.097308,0.7260173733908205,50
bf195c51-c820-451b-9aa8-c2c82b3ba57f,-0.09722,0.6686768024407971,50
5925ea8d-3c58-4679-bbd5-32c7beb56c0d,-0.09713,0.5980528750257209,50
53ba3d2e-91df-4e0b-8db9-320c44eea6e3,-0.097046,0.6507308532342848,50
13b12bfc-1e1c-4f80-ad97-94649c787036,-0.09693265306122449,0.7254421035328947,49
57e98f55-4a59-4e07-9408-f99157ce8874,-0.09686199999999999,0.7240973970145629,50
8e96d3e9-932a-4148-ad9a-27c90ce422f4,-0.096752,0.693142091107809,50
9edd94b0-3053-4811-a997-40deadb3c54e,-0.09670999999999999,0.6515945882594327,50
fd6c5096-72aa-469b-928f-b37bb9974792,-0.09662448979591838,0.6590491134741694,49
8aedd9ea-a5dd-4cbc-9b0d-9336a363cb85,-0.09654,0.6855647944191261,50
6941dcff-fc7c-4b50-9787-81b454bfeede,-0.09626799999999999,0.6947001448106945,50
4d37e466-5d1c-4b22-aaff-5441d502055f,-0.09623,0.6796644088618068,50
b16fca9f-677b-429b-b76b-534d735c4304,-0.096098,0.7306737931777317,50
9b28f8da-08e7-4cb2-ac8b-a54e5ecf6862,-0.09583,0.595131719342321,50
dcc4d718-cecd-4db2-bfa7-4b5846413d97,-0.09574400000000001,0.6064661008612745,50
95ba2ed0-2eb3-4b70-ad54-5cb0cd5d6e69,-0.09569000000000001,0.7042559861155543,50
cb1509ba-a611-4d23-8660-7ea2ca194f5f,-0.095106,0.6339164128926572,50
efab638c-4451-4c2e-9ae2-c93b07f0dda2,-0.09506600000000001,0.7099662344974799,50
574e464c-5546-4f88-ba21-19585b8ab505,-0.094916,0.7469096670677007,50
d438b4d0-e48e-4ce6-94df-581bda1aa156,-0.094762,0.6920389065062508,50
03ab756f-bf07-4771-aff9-b219bcb3c629,-0.09468200000000002,0.7158077229256472,50
1241a698-82f1-43fc-b570-78ca1b855ae0,-0.09463799999999999,0.6991189522126097,50
ea49756a-6fef-40e1-8827-0676a1b3ec78,-0.09451400000000001,0.6580790629288444,50
cfe4869e-0038-4a55-afce-df7e6971199b,-0.09333599999999999,0.7254047522562272,50
07ed8b57-4ab6-4e06-8009-1b6f7d7b5297,-0.093308,0.6974225065107629,50
fb28cb4e-23a3-4b36-820f-166d501bea03,-0.093292,0.7023379217023842,50
2de0127e-0265-4fd5-b240-6fc47d83faf5,-0.09322,0.6811294237050216,50
8d2ed886-146c-4aa8-ade8-8f256169707a,-0.09312799999999999,0.6753913432573286,50
af06de44-1e35-4373-90bf-f8b72eecc8da,-0.09302448979591837,0.6607883982822502,49
19f8fde8-32f0-4872-8deb-6229ada307fd,-0.092706,0.6916925123173725,50
3a4c210a-034f-4d8d-b936-66138c6d9c56,-0.092422,0.6232715643886783,50
ea6342b8-8f70-4319-841f-067097eff31a,-0.092294,0.6874961792576577,50
e61cd1a9-52c5-4bf9-8b68-c65a3d4ea865,-0.092052,0.7587326877936197,50
dc5c2051-5044-461a-9d1f-01891aad30ea,-0.09188,0.734521702211996,50
1d9c9ca5-b32f-4019-9fd3-5214615945b3,-0.09182448979591835,0.6878480850723909,49
5a75a371-aa2a-4fe5-833c-d4a3d705c6ff,-0.091662,0.6797195684926518,50
5d8599af-052c-41c3-879e-ded54a19717e,-0.091654,0.717225277622885,50
a776a022-ff7b-4e09-a706-ee6667409706,-0.091536,0.7312473438319107,50
eb225ca5-7101-4b20-96f2-f31d875960f3,-0.09142857142857144,0.6579367563958307,49
b64156aa-b683-4995-96ee-49094bb8e823,-0.09140600000000002,0.666112537960795,50
aca3e97a-b6fe-4ff8-b795-61ccb48e08b0,-0.09136400000000001,0.6030243352316992,50
4ee00277-b6f2-4797-90bb-f6dd319944ff,-0.09135102040816327,0.7128338168659558,49
b55d242f-93bb-44c6-8489-438e10b2c866,-0.091326,0.5948720389962802,50
1c1b1b3c-203e-4ef4-a9a7-33cf67266b37,-0.09123,0.7156061264867051,50
ca153d5c-5bf0-485b-96d4-b58a10c95b4f,-0.090726,0.6943095903625326,50
ad80d874-7162-4fb2-be92-42c87d062900,-0.090656,0.703915127989337,50
bd9186ab-4d67-4744-9ce3-628865742e1f,-0.09052800000000001,0.7051042288099784,50
b2060eed-96dc-4cc2-b5c2-a0451d674bdd,-0.09052040816326531,0.6664124026518139,49
5321d6a9-84be-41b9-b27e-95848d3d8e65,-0.09050204081632654,0.6954751270084467,49
75a05d68-034c-43b2-a3f5-ae5757d4c7c0,-0.090308,0.6058263709772204,50
e92f0d4b-e967-4c98-a422-52325e0ecc93,-0.09021799999999999,0.6654187859459606,50
3b1fb863-e542-4bbd-b455-07f84fe6edf6,-0.09014600000000002,0.6996883020929494,50
a948c0d2-d0f1-468f-9172-00ae2d733e71,-0.08983000000000001,0.7357940254290889,50
4c6b338f-dc38-4695-bcdd-082d6de74b6a,-0.089746,0.7139691001745675,50
eb2c5a23-dc5b-45f5-896d-c10be22da747,-0.089412,0.7400438411282381,50
38358ea9-8fd7-4f60-a8fa-2a5002d35ada,-0.08927551020408162,0.6437782244720784,49
ea5863dc-3ddf-4f1b-af28-ef94a9b14320,-0.08906399999999999,0.6909288754441002,50
be550135-2282-42db-8f91-f1af62c8b0e2,-0.08874400000000002,0.7098797294397043,50
89c3fd1c-44e1-4ef9-bab9-0f1dd95ed6da,-0.088732,0.6359233747448971,50
87041a28-7bf2-440a-8039-f16737c53676,-0.08862199999999999,0.6950777863649212,50
ac65085c-d9d8-4e53-a61f-33cdaa79709c,-0.08851836734693877,0.6440236003289106,49
a32c9e19-274d-45b7-917f-e30d939b790e,-0.087842,0.6958828229680921,50
4ed2542c-5eb5-4a26-af25-5e04db9daea7,-0.0876469387755102,0.6640211561959832,49
d9cf7415-cb15-4f13-9d99-0b12e5a2f4f0,-0.08761000000000001,0.6059116427974883,50
a85c559b-d4cc-42c2-9b45-0fc08f5bd8d8,-0.08737400000000001,0.7299398330838295,50
adccda45-8846-40ca-a73a-a660fbd0ea81,-0.08689166666666669,0.699938068942253,48
12bf9dd2-a4e2-482b-a52d-a5d938907384,-0.08679599999999998,0.6500164220719853,50
d3d2abc2-8cb7-4ab4-9aca-40bae69ea001,-0.08667916666666668,0.716336521998025,48
3bc47c64-1789-4142-8f6c-816415c03984,-0.086552,0.6722611355594442,50
3793d1d6-2407-4819-a007-9c620f30ca2e,-0.085852,0.7119237944313641,50
d31d71c0-9a97-4106-9301-d792c066c95f,-0.08566122448979592,0.6854076380812634,49
f22d8938-b619-4bb2-9ee5-0efbebc91efc,-0.08550200000000001,0.7444921319165932,50
ffe1ae12-947e-4a92-9a03-a51dc9ee27e8,-0.08538,0.6943790093107858,50
aee62184-089b-4e96-9bc5-6678ddd735cc,-0.085304,0.5984868058014039,50
00d2cbcf-41da-4cd7-a18f-10b699514f42,-0.085162,0.6223836709238545,50
89d286e3-cbda-44eb-8ee1-baab51f61f46,-0.08501399999999998,0.7427268605563129,50
3aff4f17-889d-44ac-a92a-b8e954113029,-0.08481428571428572,0.6646668059386348,49
e4c67079-9491-4e6b-aa87-a2991bced91f,-0.0846877551020408,0.6811753318813045,49
82e2e735-0913-4a66-accd-75a0f4bba673,-0.08442999999999999,0.723884997701955,50
bb17a909-0cf8-48c1-84f3-ae91b10e89ed,-0.084098,0.6922673670966577,50
4f3d1f73-d169-4d0b-898e-eb17b399916e,-0.08385,0.6927805920155887,50
65e52789-8f83-4605-aec7-d50256cd7562,-0.08370199999999998,0.673322594997891,50
ba93f081-8339-4c27-9de0-202807f36dba,-0.08362,0.6646366341921004,50
26048ea6-34cb-42e0-9587-ce3af55cd6b8,-0.08281000000000001,0.708081777604473,50
04f4148a-4acd-4716-b995-adc39a9f457e,-0.08277999999999999,0.7180752643742316,50
60644e79-b14f-4904-9183-1f5f92bba420,-0.082676,0.6808481045380542,50
1a304c31-f51a-4aca-9b52-1a5b394f3b38,-0.082522,0.6353977826206066,50
4ea3f652-9347-4dfd-adea-a12f4ee04bfa,-0.082468,0.6465429207275084,50
cbcda5a3-78b4-4bb1-84f9-3afdadbfc966,-0.08232400000000001,0.6919878692932265,50
a81d9006-8a5a-4476-bc41-640819052bb4,-0.082302,0.6783739777360183,50
d24498f8-ad9a-46e2-8a4c-c05b341f073a,-0.08165800000000001,0.7126754160262324,50
4f7cd59f-41dd-4327-acff-4bc2b46f0ecd,-0.081214,0.685840557721929,50
eb13d915-9a63-4307-a3c8-3cf8b45efa2d,-0.081126,0.6919816270446397,50
82169461-25e6-4ace-aab1-9e6da67370b9,-0.08101199999999999,0.6879633793172661,50
6e5b2f36-c6de-479e-80a0-c9c9fac86ed6,-0.08091799999999999,0.6639318177712071,50
316f67ac-697e-4f9b-b400-da99b410152b,-0.08066938775510203,0.6479586223942344,49
2d7ce3dd-7b0c-4093-9591-8fe0169a2051,-0.08031224489795918,0.7431224396178638,49
c645bebd-7f2a-4c46-b698-b266ac1ff2d9,-0.08013469387755101,0.7345612439156624,49
2dd8d00c-de5b-498a-8f6e-a764a30df3c6,-0.07996400000000001,0.7223017925312644,50
8cb50b2c-c1b0-45bb-984a-7ed7968eb773,-0.079846,0.7529551812582694,50
ee3939c0-454a-47e5-855c-d2aa234c219f,-0.07971,0.7208498307341051,50
759f04b5-13b1-44fc-89ae-5865eeda85bc,-0.079626,0.7298494663942137,50
64ffeb9c-4589-43d1-815e-321b2e2fcde4,-0.079514,0.713783307028006,50
a3c0698d-58eb-42ed-9094-e2ba655bca98,-0.079472,0.7591597191632338,50
e1db6ca5-c766-4870-a3fd-b504e35c8888,-0.07942800000000001,0.7311002053209998,50
2ed5e35a-0a21-4b20-9237-b004a5a616ba,-0.07939199999999999,0.5578404869801812,50
0a5511a5-307a-4a42-8836-fff8268a98cc,-0.07937799999999999,0.653959079818876,50
88fd015b-f489-4470-8267-7c02559a017a,-0.07926,0.6666495401541617,50
cadc5ee9-b101-4db3-9f79-71d6de0e1616,-0.0791469387755102,0.7213901732944871,49
5fe712a2-ea05-4812-9047-f0bb98f202bf,-0.07885,0.6891287143923115,50
529a2a78-e090-4d34-a390-2250bae58660,-0.078614,0.7206545825504896,50
2e4ce387-f862-45f7-ad97-e671f14559ff,-0.07859999999999999,0.6756042900505398,50
e1afad73-45ce-43d3-9ccb-f5c39ee0a424,-0.07849,0.6905953959579859,50
299c5dc9-cd8c-4fc4-8333-b5f8d7d20435,-0.07827400000000001,0.6704088511330611,50
0189878f-9ae9-4ac4-b856-5de1fa979933,-0.07805999999999999,0.6567312934806249,50
c832ae7c-c303-4c61-becb-a111e31acef3,-0.07801224489795919,0.6811902000153399,49
e70e2235-f03d-4990-8242-7dcada8c01bc,-0.077962,0.7268997114921335,50
298bae40-fa51-437d-b285-4389f6b3f7d1,-0.07784,0.6823571866728464,50
6477880e-a59a-4c65-a9e7-06cf9f2583ca,-0.077782,0.6494812506728045,50
29b0ef10-482f-40b7-8f8a-208386a260cf,-0.07776530612244897,0.7256371948590598,49
1f030cb5-1787-4104-8be9-986fcbb397cc,-0.07766400000000001,0.7342208278056905,50
4a7a1fb6-b9e9-4d05-b3fa-8a79fea1506b,-0.077368,0.7723490435532052,50
15acd140-e5c1-4129-8303-45cd09762395,-0.077204,0.7056867114219675,50
176160c0-dbf7-48d2-bc11-a7efea650232,-0.07717142857142856,0.7109678242250722,49
809bf9c2-a466-4e3e-8674-e5100b3e55c2,-0.077112,0.7294522889770637,50
4dbe98f2-cb59-4194-9425-6adfcb40d291,-0.07711,0.7231702374592989,50
c92c934b-8d93-4fd3-a62d-babffa8d54ee,-0.07710999999999998,0.6585862943007669,50
9edf733a-618f-42ce-abd2-04395f51013d,-0.07694,0.6910061608160336,50
3f1e7b2e-78ce-4a15-a45b-f52dfafd9e1d,-0.07683999999999999,0.7048816487719837,50
c05c52a1-5f5b-4df6-96eb-9854a7b37140,-0.07681,0.6977089362290535,50
d1b49c91-7411-4d4f-9a40-2c992544bdc7,-0.07672599999999999,0.7289395895604597,50
b41af3ce-2b9e-42e8-abb5-5e115c1c25ad,-0.07666599999999998,0.7368669994937058,50
adf1962f-73c0-4b7f-b834-ffd0a72d85f9,-0.07639,0.7072415819252158,50
a670dd9f-3f6d-460d-88d6-a92b23d95258,-0.07638,0.6924002540703857,50
d43a1e7f-c3e1-4547-8d45-fc0952941fbe,-0.07627,0.6168335634512764,50
8d1f4b8c-7c51-46c5-a620-9178adc4a793,-0.076092,0.6951714713857089,50
a5838d77-f53e-404d-bd05-ee29b6d9abf4,-0.075878,0.7361219146171317,50
220ecf0c-e623-4399-82d8-6543ac25da57,-0.075834,0.6982423538706137,50
6f254a65-7788-4ce6-8197-92913c02446d,-0.07535102040816327,0.737030656622247,49
0ea1fbb4-579f-4951-8156-114b54c16ed8,-0.07528799999999998,0.6702363992454224,50
06990a25-a672-4775-a2f5-167a945c4c78,-0.075008,0.6396377022493088,50
2e4a30b6-00e8-4f42-bb09-9c4d08b5a590,-0.074892,0.6938071339488858,50
cca79751-e20a-407a-a9db-b504608153e6,-0.07481399999999999,0.7167244220388606,50
c8e80655-9265-4792-80c7-04359ae2470c,-0.07440000000000001,0.7398612398055913,49
758a98ea-ab23-4b37-812e-3bfa5909fc16,-0.07421199999999999,0.6592660423129184,50
4c871e7b-92b4-489f-bf7d-bf16e025f9aa,-0.07407399999999999,0.6868729258377996,50
163b33c2-6154-4aed-a47c-97f79f05aa5c,-0.073894,0.7312338531020354,50
e685e3f0-7314-4bb3-90c9-6ea78b32bb75,-0.07383,0.6402082936714537,50
5e060677-d397-4ca4-9289-7b72d7ca83bb,-0.07350799999999999,0.7421550494914888,50
044486ef-aec9-4698-b67d-7957b22dc751,-0.073486,0.7390917896130826,50
f6431404-7c6d-4187-9655-8a895570d297,-0.073462,0.7135938855010528,50
a7db2b6b-97a7-4dad-a2e6-07d1ddb3c858,-0.073348,0.6782247259378482,50
70ce628d-df8c-4a64-9d99-dcba03b48bc9,-0.07301200000000001,0.6718512006176877,50
cb52e08a-c193-45fc-a1bb-941b5729b2d8,-0.07275,0.7019074917970431,50
a52aa991-a04c-4c00-b8fc-f3febecf02c8,-0.07263061224489796,0.7392257676121013,49
8786b267-482b-47be-b097-901040120c07,-0.072268,0.6455739460134902,50
156ac13f-984a-438a-b89a-39f4129bec07,-0.07209795918367347,0.7268196267213861,49
fe443eba-1336-4237-8512-73c75070e016,-0.07196000000000001,0.7084721704672178,50
d225f82c-628b-4553-b6dc-693753b0338c,-0.071956,0.7720836058038147,50
8d8907e5-a6c8-49a1-a2b0-205f453911d1,-0.07145800000000001,0.7029600125330092,50
e104be74-42ff-4474-870d-28b8d5eb596f,-0.071126,0.7098631888337531,50
f9cbf65c-a2e1-448f-8afe-317d60c8d47c,-0.07105714285714286,0.6684485183368025,49
ac3d74bd-1eff-48d4-9e63-1932d05c9736,-0.070782,0.6688155862753933,50
60c2b898-a242-47cc-87d9-f05dd7a0be50,-0.07078000000000001,0.728117676629546,50
7a8d56fd-b6f8-4966-8615-252c0c10d5b9,-0.070266,0.6782662825505172,50
31e4cc8d-401a-4507-b94f-229322d3513d,-0.07021020408163264,0.6492394718196881,49
aeccc351-385e-4108-9684-0dc31f5aaa06,-0.07004400000000001,0.5924032407550983,50
50e9dbfd-2947-4739-b90b-d99bb26060e3,-0.06986326530612244,0.6980679374452858,49
18bd175c-94e6-4132-b5cc-bdeb6c730815,-0.069782,0.7244327553447087,50
091f1161-e58e-4a62-bca6-cef0713a3e3d,-0.069652,0.6408364547453681,50
4de4478d-c300-4089-90b0-3f281eff4d97,-0.06955599999999999,0.6712836272609153,50
5239b1c9-aa91-4c0c-a5b5-81feab3c76d9,-0.069532,0.7076724667383859,50
1384aae5-2738-4df7-9c26-fa632b8d405c,-0.06939183673469387,0.7013418067761061,49
6332a31c-3ef0-4c5d-b205-1a4344a60486,-0.069192,0.6935721002909799,50
2c82bffe-729c-4b1f-aeaf-6981576b6fd8,-0.068982,0.6959788926807643,50
8119e8c0-84dc-40b4-8c78-72637ff2ed25,-0.06890204081632653,0.5820930493664638,49
aeb9bb9a-3c2d-47fe-880e-4c8892a716c5,-0.068902,0.7388383707951176,50
db0f2fa4-df4b-4c2c-9359-dc1cff2b9b88,-0.06887346938775511,0.7165806597932964,49
8bfc6138-572a-4a2d-a8b8-f4bbbbaca4a1,-0.068848,0.6584301646572797,50
10d011b9-fcba-4c36-b6da-20b8c1d4d083,-0.06876600000000001,0.7348056315566361,50
ab58c606-ea9f-433d-acab-c6a4ca4f8195,-0.06855,0.6673160369444641,50
9ee95eb1-85e9-4e9d-903c-116bc83a3003,-0.06762,0.6621126974176168,50
ea6a29b9-63e5-4d2f-8940-8dc22d28d932,-0.06741836734693878,0.7545952299835625,49
c344efd7-54bb-4171-86db-6e3e0b5865d1,-0.06725,0.7067827609120422,50
f65ed92f-9ab1-4faf-b524-63134bb30c37,-0.066944,0.7027007881142062,50
a625b3a2-1511-4109-80e5-419d43e48ecd,-0.066734,0.7057132341258794,50
fc52d34f-96e1-47be-a931-891d7c4d2f0f,-0.066208,0.6481901783285771,50
ba0d67a0-c460-48f9-bf61-d7deed128822,-0.06618600000000001,0.7206501021993962,50
7e5c9592-68ce-4d11-b9df-db63682fea42,-0.06614199999999999,0.7467670396216655,50
35c4f4b8-4634-464d-bdf4-ac0d5872c92f,-0.06604000000000002,0.6399498672966979,50
af7f5c79-fb38-486b-978e-cfbcfe6e29ad,-0.06599183673469387,0.6971064295347157,49
965dc732-123d-4bf5-9b8f-8679debc6fef,-0.06599000000000001,0.6992427400336709,50
c896121c-39b0-4f63-9bff-753095357e4f,-0.065946,0.6668968017372304,50
2e9ef309-1250-4985-91ad-9102061a9fc9,-0.065686,0.6287874732647701,50
f352b662-9986-4def-b9d3-824d36e05826,-0.065426,0.6743515466682624,50
ad40058d-f6fd-470c-a9fb-8e8974846a88,-0.065202,0.5664632161950508,50
b7071e47-799b-419e-b369-3065e3e0b2c6,-0.0650591836734694,0.7618338655612433,49
78bdfa98-9394-422e-bf1b-2447fa84b702,-0.06503061224489796,0.6675645446958921,49
d42ffab8-725a-4ce3-8a9c-a22e47b32d4c,-0.064562,0.7353391800733999,50
f7d77667-0c9a-486e-9b88-57e2298c1e7e,-0.064436,0.7444002557215892,50
05e16636-4fe4-43c2-8418-9837e2e0161b,-0.06412448979591837,0.7111813372043414,49
5a5c0f4e-90a8-4b84-8734-2660a9f80df2,-0.06406530612244897,0.6028394184160973,49
eb885985-711e-4de3-89bd-3af8224b5f43,-0.064052,0.7292389402210321,50
376ba668-56c2-4ec1-86f1-1c1f3fd896fa,-0.06392244897959184,0.6857087951727111,49
f100fc29-c63e-4044-99b9-885359a7a1e5,-0.063848,0.7120661122825777,50
ddb49220-48c2-4f58-8194-d6af32e496f9,-0.063278,0.694612774608256,50
ade177f1-8174-47ed-83ae-91ea1eb8c298,-0.06279799999999999,0.718506416113258,50
2bf3c58b-3699-4c60-8349-8799bfa0c93d,-0.06271399999999999,0.7325238289667317,50
cae30983-01d3-4baa-993c-11cb686f9ec7,-0.062672,0.718686583229634,50
9b43b09a-e437-49fc-b7b1-eed5600a0392,-0.062342,0.7522778183324974,50
0782fece-697c-4bfd-bd3d-5ccec97a90e7,-0.062286,0.6629572495251554,50
ebcbc6aa-6686-4630-a446-41b35a9f9963,-0.06227142857142856,0.6989497075970488,49
89e389b8-79c7-4df7-9301-db133bc99fd1,-0.062262000000000005,0.7153424365908645,50
9b67eb0c-4737-47db-9847-96c7c9e2c416,-0.06196326530612245,0.6947901303912682,49
c7684110-d61d-49d3-8661-0a73dc0434b7,-0.061928000000000004,0.7425706865384079,50
40371186-90e7-4150-a95e-2071402034e8,-0.061904,0.7132007145028298,50
213f3513-da86-466c-bea0-27fa0704f9d7,-0.061855999999999994,0.7267707802354753,50
69c0154f-a218-4b52-b750-6bdf32e2e370,-0.061597959183673466,0.695130703084498,49
db65d3fe-d9fa-4f8b-bd41-9aefa54a53ba,-0.06158,0.7400277297617479,50
273deec0-d005-4c6c-b59e-818a5b35c9ea,-0.061470000000000004,0.7520678541494098,50
f56eeace-7707-4fb0-a2ad-7d93a27a8036,-0.06133800000000001,0.7631717339271066,50
8a20a240-eab9-48df-806e-e44bc083fdc4,-0.061312000000000005,0.7509750267974757,50
1b5f5efb-b641-4c3e-8923-232eafa69db9,-0.060832,0.7110049104110122,50
beed6b50-158c-4d66-8fa3-6e9f06f81b7a,-0.06052,0.650391314235248,50
9e302a1c-b4b5-4f72-837c-f8557391f90f,-0.06051020408163266,0.7069319634415848,49
a3abefa9-9b96-455c-9e04-5b0fe8319f10,-0.06037,0.7273124969813912,50
c1a53c43-a957-4fd7-bbc9-478d1e5a760e,-0.0602204081632653,0.7010639827491948,49
63600cd2-1336-433e-b49c-3a6b06c3e1f2,-0.06021224489795918,0.7384157672095073,49
4710e9ad-3216-422a-b12b-b3070059924b,-0.060191999999999996,0.6864001162052136,50
ff5cf906-6194-4312-90b1-6a0a8a36e681,-0.060138,0.7230667634768577,50
0ae4ab02-3710-4f40-8a33-dc9925d07caf,-0.060020000000000004,0.7365136675235426,50
275993cf-e67e-4cb4-ba61-243d461da7c9,-0.059718,0.7232707305493482,50
188cd82c-04f8-4fe8-871d-52fb6c4c6bfd,-0.05906999999999999,0.6891701304275089,50
2e0753aa-e6b6-48c2-b27b-8f6a9b080924,-0.058978,0.7612801592939973,50
353775f6-7004-43ee-8bdf-8d81a7dfaa0e,-0.058962,0.7437440175413658,50
a2ab8d56-c199-4693-8069-de061485634b,-0.05861000000000001,0.7215156714747598,50
43d4a788-d8c2-4568-a473-b6f03a5297dd,-0.05842000000000001,0.7175645311235295,50
1eb39ebb-ef5e-40de-862b-a9f425537d3a,-0.058402083333333334,0.7114905903863615,48
2b6ceb6d-18a2-42fb-ab48-810ab2954d87,-0.058246,0.7239191983916436,50
eb19e7d8-12b3-4102-adff-d3568e55c617,-0.05800999999999999,0.6466350158903477,50
b22fbd19-bd31-4bc7-af27-0071acc40a80,-0.05798999999999999,0.6540659457016017,50
a7155710-f4a4-4e83-be8e-2339cb91a9a9,-0.057983999999999994,0.6852014958702711,50
85bf334a-ef37-4311-906d-170b65386e93,-0.05773599999999999,0.6980290292074725,50
4b63109d-47e5-4fcb-8a8d-2ff91795b4ed,-0.057449999999999994,0.715127429275399,50
f9081885-8526-45a5-8824-6d1ddb74314d,-0.057298,0.6313487355766905,50
9aeffe49-f091-47ef-85c5-ed6f8311f035,-0.05718775510204082,0.737130656281688,49
b2882b35-7ff3-43c7-bdb7-4b1d9db700dd,-0.05705306122448979,0.7480679824003412,49
fae8c18b-5c2b-4e13-89b9-7f1d6072318b,-0.05702399999999999,0.7411657832008673,50
afbbd085-1c2e-4c80-9739-a3ce85c6f47f,-0.056824000000000006,0.6915917958342958,50
748604d5-5ead-4c3e-bdb2-6d528ef466f6,-0.05667199999999999,0.6642185250321752,50
1a2c9f43-e4ea-4e08-a742-ed2f66863d26,-0.056353999999999994,0.696716364919713,50
b745fa0d-755a-4ecb-840d-65ce20c283d4,-0.05600204081632654,0.7237624263440422,49
9e3ee106-c42b-4bca-a852-eae9e8201800,-0.05568163265306122,0.727714301676108,49
d79ad30d-e992-48b6-b166-5a5baea3e1c5,-0.055588,0.6609790056995081,50
94c5ab55-be68-4dc0-9baf-6407547bcc67,-0.05537000000000001,0.6487494913686025,50
39887bc6-0cc3-490f-9950-fe6dc10f6af5,-0.055246938775510214,0.7102247901492295,49
992e1acf-30e2-4af0-9878-06e4a65f4dbf,-0.05503,0.7062371802701402,50
d7804142-35fa-465d-b5ff-5d98c7305a4f,-0.055009999999999996,0.7217807568218809,50
df445666-c633-4b00-870c-429d6b5864ef,-0.05500800000000001,0.7148399041086909,50
7129150f-2a41-4167-b201-cb1b081a210a,-0.054618,0.7220684146143449,50
934b9956-73e2-43fd-b4d7-a782081d29cf,-0.054542857142857136,0.7284096194793147,49
ea8527b1-c367-4422-be6f-b2d93ba3707f,-0.054450000000000005,0.7272478813433335,50
0f76970f-8d0e-4072-adb0-4360757b2cec,-0.054335999999999995,0.7170006597099405,50
ff424a1a-8f07-454f-96ce-51785dd91d45,-0.054133999999999995,0.6475109913526171,50
3583615e-03e3-488d-9319-8272c0b33b9f,-0.054118000000000006,0.7362431210835569,50
c5152c6e-b1ee-4542-b2d8-ca93a8a99bd5,-0.054079591836734685,0.7287313819747506,49
5e5bf7db-99e0-473f-ae36-47af22203c68,-0.054046000000000004,0.690866115152065,50
525ef610-77cb-4d20-b8d3-6572843038d9,-0.053984000000000004,0.6793702685425613,50
1702c3d0-3114-409d-bbc5-6d8b88054ac1,-0.053962,0.6724544433063468,50
a0e9d0b0-cf60-4527-9aab-b0f05802df70,-0.053762,0.6991688785775785,50
25adda08-d533-44c1-b4a2-e24370c688e8,-0.053736000000000006,0.7290282046446126,50
d3df32de-a209-449a-bca7-02a528a2a341,-0.05273200000000001,0.7181290363386327,50
17d07938-2623-4985-8f55-ba50bcd7c40c,-0.052679591836734686,0.7013380871530482,49
c4dc0f21-9772-4a51-83dc-19e7f759f294,-0.052598000000000006,0.662377738118592,50
e2cca5c1-8af3-4fd6-b75d-d56eb77d844a,-0.0524673469387755,0.6651937347456739,49
e15c16b9-d15e-4fe3-bf31-7cdf548e2dec,-0.05218199999999999,0.7275092920901773,50
1a5b6361-b135-42f8-a8d4-3a40e7937817,-0.052143999999999996,0.7436136933672385,50
f91e00d5-590d-4882-8b70-6cd94e08c0b2,-0.052078000000000006,0.6758634910140613,50
27c30378-497b-4b3d-a675-8dd2f5bc25bf,-0.052046,0.6952197697483721,50
7cbebf59-9fcb-4ee9-a875-b75c017cfcc1,-0.05192040816326531,0.7444290289598892,49
c9926b0e-4d1e-4981-a421-fd632eebdcbf,-0.051782,0.7123103673717701,50
63868456-0b57-4c0a-b9a9-d2940726288e,-0.051702,0.726831171899567,50
11620dcc-3429-4fea-95b4-4d6dcaefab7e,-0.051514,0.7455659222992139,50
261a8e3d-0c74-4f04-8fd1-c67aa6c1be0f,-0.051384000000000006,0.7148194889477985,50
13d3856f-e412-4e8b-933b-c8af4156ced5,-0.05136326530612246,0.6982287255661874,49
c230feb5-a415-4014-88c4-23f739c0b219,-0.051314,0.7091985873721213,50
fc44c5b6-e2c1-428b-892a-dd4636622e19,-0.05067200000000001,0.694442241038645,50
6118f246-2a8d-4e32-8a61-98eb670cd761,-0.050575999999999996,0.6773003076621061,50
56390996-e251-40dc-bbf2-51f3cdae378b,-0.050474000000000005,0.6857647995709697,50
8c994b02-6ae2-4098-8a0d-6269cdd3e7f1,-0.0499265306122449,0.7395044595807357,49
dafc1713-23d0-4987-85fa-9b23b9caf585,-0.049850000000000005,0.7457535108047102,50
098aa1e6-3f88-49c4-b1f1-85216d6e0bd8,-0.049628,0.6838809775428015,50
ddef5c5d-b418-451d-b4a7-34f7e2c908aa,-0.04951632653061224,0.7187305259236997,49
c161371b-1ae2-438e-a6cc-2cae861e09d0,-0.049449999999999994,0.7338582516885863,50
1c53b079-5eaf-41f1-9f06-8fc45b944c2a,-0.049312,0.7542709824427173,50
46b6b039-9c5c-4a89-a42b-327c6ea8f7dd,-0.04858367346938776,0.7034177707056866,49
3428fab8-0b0d-4d74-adcf-5cac0833cc22,-0.04849183673469388,0.7096827647608749,49
027af3ef-526d-4497-b4ef-68f0e87a02bd,-0.048448000000000005,0.704085908557025,50
569a8e84-c17c-43df-8163-62db2f72899e,-0.048072,0.694493110128766,50
3276cfb0-bdd1-437b-bad7-f9cec71e3880,-0.04806,0.6865333908373968,50
4eda7084-1a06-4d62-9e40-9754d869ff93,-0.04804200000000001,0.7760668002202398,50
05a10a45-dd31-45a4-bc01-deb2f02a8b17,-0.04792857142857142,0.6924191372764524,49
58bf283c-0c6d-4364-be44-9d88f2e57bb0,-0.04783,0.7097059178969548,50
a9c5353f-7a62-46b6-b8a9-0a447ec2310a,-0.04748,0.7225601846269716,50
5c3caf26-b080-41af-89f2-76178f987d29,-0.047188,0.728397076236161,50
130bbc0a-fbbf-4202-bf19-bf7b0fc9b629,-0.04701,0.7072571085913958,50
f0e74e76-ff72-40b9-891b-8b9592635b8e,-0.04673,0.7017427906175264,50
7282d65a-943d-492b-8e54-7815c8f5ae10,-0.04668775510204082,0.747727483399047,49
ffbc15b6-7bb4-4621-bbe9-875bdb4b0aec,-0.04662,0.6942914167902203,50
9156d1cd-234d-457f-b4ad-9c3f759cc467,-0.04651632653061224,0.6907639555071553,49
6da679f0-bac7-46f7-8995-acb5f33c17d1,-0.046348,0.674648097912035,50
f41902ba-ada5-4bbf-8e27-8b4ff3369639,-0.046195999999999994,0.6539408226862048,50
8300e66d-77ee-41a7-886e-24f130647d22,-0.046049999999999994,0.7100699250562496,50
e312d9ba-f027-4108-a357-2448f9a5a839,-0.046003999999999996,0.7167827006727168,50
0c759e7e-d004-4b02-be09-8518bcfe9404,-0.04582244897959184,0.727297141896312,49
ec226225-d08c-4f67-afe3-707a1deb318b,-0.045786,0.6190879684319045,50
17554996-78dc-4b50-bdd2-9608ca688462,-0.045784000000000005,0.7028898466142968,50
456bc430-6a6f-4b89-b3fe-9cb990ab4e5d,-0.045459999999999993,0.679278108414682,50
8b307f62-53c1-45e7-99a0-cd7cc6cfac31,-0.045448,0.7285652879965319,50
ca4116b5-bc52-429c-ab24-81caa863f916,-0.045363999999999995,0.6048211170052764,50
2ceaea3e-e8cb-46b8-92c9-d8a2fc780862,-0.045294,0.725914298761871,50
bfb7f175-1264-4449-a7ef-b53bcbcbc64a,-0.045283673469387754,0.6991499119010347,49
32d801c0-48e7-4364-bfb9-14585848962f,-0.04518599999999999,0.6440751341042663,50
11a0e9cf-c0b6-4dc7-ba5a-90b2341e9f7e,-0.044722,0.7183814788104989,50
db449d50-acc6-4ddd-b39c-fcd7bd4e8c2b,-0.04436,0.6881574318572808,50
f6417127-9134-44c3-a3c3-2022fa1fc3d2,-0.044346,0.7078895371598652,50
99f9b89b-5966-41b4-8cf4-7f0424c43cfd,-0.044036,0.7229254117282425,50
4983571b-3da8-4440-95f3-baad477c754b,-0.043972000000000004,0.7345632919035942,50
fa5f54c6-4834-406e-b536-c85e255efe0f,-0.04396122448979591,0.6974724758058936,49
284bd04f-9a8b-4e2c-ab4b-55cda7fc81ba,-0.04379399999999999,0.6821787166071929,50
515a9bde-3d74-4d90-9ff2-eaaf42435d50,-0.043772000000000005,0.7128377443796343,50
d7a800a6-fe94-442c-bf69-e8f60027a3b0,-0.04346400000000001,0.7725397245608085,50
5a899847-f126-4c71-aabb-1daf6091771f,-0.043438,0.7361697965434719,50
db6f80b1-ab6f-4cb3-aa50-3f63e3340873,-0.04312244897959184,0.7467016130025059,49
3f756c71-0d9c-4ac3-8df3-1c1f0402e19f,-0.042134,0.6020069345352854,50
394ec88f-7083-4f37-aa43-bad2fc7cdac4,-0.042076,0.7008446392688159,50
7ff84408-3477-4c67-93d2-e98c9b48d18d,-0.041833999999999996,0.6983710044387699,50
a3c6ebe3-a3cf-4ebf-91ca-2d6b77c0a990,-0.04105600000000001,0.72378080602303,50
07cff140-3a9e-4066-b4b6-f90068333217,-0.04101799999999999,0.6836617873373546,50
93022692-a855-44e1-9535-66264506e4d5,-0.04007600000000001,0.7096921331831436,50
36ea314c-a3dc-42c5-82e5-08ed213e37a7,-0.03997,0.7356375378138451,50
208de99c-41b2-43f5-9483-defad07175ab,-0.039922000000000006,0.7125624934397986,50
2cb7436c-b333-44e1-8202-e42ef396c6ae,-0.03991599999999999,0.7089979063208488,50
ae863896-4d5b-492b-9465-929e5ff613c8,-0.039646,0.704081732039567,50
e48631d0-34a0-476c-a52c-5006282356d9,-0.039187999999999994,0.7585675379615051,50
433fbb2e-7df1-4c6c-930e-d460bcb82f87,-0.038908,0.7289390775025058,50
ddf456bf-5b21-41cd-83a4-7f58086f7a7d,-0.038752,0.72270590067708,50
0ea5886a-c3f7-49bf-8522-543126d00a25,-0.03833,0.7449867590249166,50
6cc878fb-81ab-41aa-a478-477ebb21f4a5,-0.038002,0.7600386873853522,50
c7617031-a585-4e69-aee2-e5e03bf44416,-0.037974,0.6865744883737774,50
6c5172ab-229a-47f7-ab3a-942be07046f2,-0.037843999999999996,0.603811568850375,50
db8259c6-4be6-447a-8de9-8c86896dd81e,-0.037680000000000005,0.6914068249236628,50
5bce301f-3a95-4955-b599-855227f6bb22,-0.037487999999999994,0.685060885314404,50
2b2c258c-3506-4581-8f1c-48314a24877d,-0.036888000000000004,0.7579305018056385,50
daeb127c-4d64-4e62-a63f-c2b3b2a24657,-0.036834,0.7399334036801098,50
7382a4af-1a4b-4690-a389-bcdec98529b1,-0.036418000000000006,0.7460504583498903,50
a5107b6b-19d4-40f4-911c-0612b390ef4b,-0.036081999999999996,0.7379373101768336,50
1106e778-c3ea-46df-b1f8-d6618b843d75,-0.035848,0.733636629245997,50
e947cdbf-b381-4cf1-a65a-8c2d2eb0a111,-0.035788,0.6735726394898977,50
4db6ab9e-8f93-4576-8490-5dc63a955c0c,-0.035072000000000006,0.7491401272261473,50
7e84c7fc-5e59-4fe0-8487-b660cb9af22c,-0.035012,0.7418714305355733,50
ae46a9f6-07ab-4361-b390-2cb142ece41f,-0.034564,0.7375146199201196,50
8aff137e-63fa-4e55-a403-e8e1a7bf145b,-0.034398,0.6881514924248371,50
c206f466-91eb-451d-aef8-087f1f1a1a19,-0.03406599999999999,0.695109836456639,50
4fb675e2-d4e0-4a8d-959d-14b39bba818d,-0.034024,0.7377411632151488,50
7a7a1e60-4acf-4cd7-9f28-8e51c8077241,-0.03373200000000001,0.7002654544600955,50
3f25b20f-c876-4fa0-ac24-fd6dd9dbea1f,-0.033471999999999995,0.7434440552466827,50
91331b44-56e0-4721-8f85-c8fac909ba7d,-0.03303,0.7496534865509259,50
f3bcf59d-96cd-4e08-8bb5-9694eca887fe,-0.03295400000000001,0.714459811700206,50
1d78c8a3-4c6b-46bb-8c81-e77e51c1f0f7,-0.032748,0.7536687174138006,50
f70be87d-0242-41c8-ab46-dec588967de1,-0.032400000000000005,0.7528709990592609,50
8b43dfb8-3dc2-4a65-bc80-9369c0415f08,-0.031945999999999995,0.7307130864981082,50
131020b6-4f10-4bb6-8676-75ebcc3e9e59,-0.031838,0.7232222682846934,50
4fc0e88d-be76-4dd9-8221-7ef911b9ebdf,-0.031703999999999996,0.743776426238807,50
e5ccbf40-eea6-44b5-a2cb-19a699a7a0a6,-0.03161632653061225,0.6949462828002545,49
6b9a3554-fc10-445c-ac36-b0951cef7a98,-0.03159599999999999,0.7238632439225248,50
6d808c8b-db5e-4efb-895a-7a70e68ee3a7,-0.030774,0.7186389524678449,50
9bea0e96-eccb-40c7-9792-87f96e9864a4,-0.030372,0.7674544041604725,50
8cf90462-fcc6-4f8f-ac75-93c5f1ca1061,-0.030153061224489797,0.7428336719678125,49
227f5b3f-b584-49e5-b69a-450670bd6316,-0.030052000000000002,0.714292344037804,50
dd24fcab-1175-4c58-a538-4d8471571b96,-0.029665306122448973,0.7085453756791151,49
6e075414-51de-43d4-8cb7-2e3f9569784f,-0.029637999999999994,0.7371481644022678,50
aaa4d081-d5d8-4680-9476-45430f1b6235,-0.0296,0.6903240126556367,50
67b932c9-ce4b-4d2d-a58f-e2bafbd4a9a2,-0.029539999999999997,0.6986018737157695,50
dcc75f61-82b4-408f-baeb-f7eb42d62212,-0.02941224489795919,0.6925598670369747,49
2265c264-6a3e-45c7-be58-7217ab4d5412,-0.029342000000000007,0.7079446222692846,50
a02b29be-191c-4be4-afb4-ae86f505854d,-0.029231999999999994,0.7248062636121658,50
93905c1e-0db5-41b1-a0ba-5004aca037be,-0.0291,0.7285306627250581,50
f6435b7a-3772-4498-81a1-eed11df07071,-0.0290734693877551,0.7238570156274852,49
97a6782a-0c7b-4e21-a28d-d6d0f515cfd0,-0.028528,0.7403939718053586,50
59791e82-19fd-4e41-b977-bf0d628b780f,-0.028352000000000002,0.7001346156975523,50
0005da9e-486a-4a8b-832f-a2d8ba57b158,-0.027856000000000006,0.7108082904550227,50
d32b6edc-ae82-4071-a217-7c69ba29fd77,-0.027232,0.7180726611633422,50
c8f1f958-f9aa-4cdb-9de2-894ecee30a10,-0.027162,0.747045890700327,50
0dc6d8af-563f-4713-9cfa-a312a6e1a719,-0.02705600000000001,0.6884195517625713,50
0b9cd2d4-bdb9-4840-bf5c-e18363e44b89,-0.02700408163265306,0.6996033325389895,49
5a50030c-2e08-4ed1-9cf4-6e0a66b8e1aa,-0.026962,0.6823062565374908,50
f0e45447-ff3c-45fa-bb3c-ffd476823254,-0.026942857142857143,0.7320487688672116,49
9b263dfc-527f-47c0-b8f3-579b2059f0fe,-0.026911999999999995,0.6353358265564144,50
855eac57-992d-4f66-8ddf-4eada70a119d,-0.026244,0.740206779758197,50
448555c1-9068-495b-938d-db157b577e0c,-0.026191836734693878,0.7304370169736104,49
28d5ce1c-613b-4312-91fe-9fe21090a275,-0.026044897959183667,0.6157976372360567,49
9bf8d329-d970-4fcf-a057-345a50747ccc,-0.025993877551020405,0.668240573698376,49
c90ebc27-1c10-4d88-b21f-ebcc5105e147,-0.025369387755102037,0.6977917281813875,49
1f84f454-0656-4a0a-a426-dbe37beec49d,-0.025347999999999996,0.7399359650286349,50
3b2544e8-1af2-41bc-be59-f442666a530b,-0.025344,0.7463595071698739,50
bbfa4fc9-0648-45ee-a829-8254c8e772d0,-0.0253,0.7150408234266534,49
f91d9daa-d793-4366-8e1a-beb8dc00e335,-0.025161224489795915,0.7387777467480569,49
43ae6fd4-21f4-4f54-bec0-34146648ec3c,-0.02510799999999999,0.7468354067883052,50
536e28e8-68e7-41f4-9161-597bcd9e6070,-0.025005999999999994,0.7068311496000286,50
aa90a7de-a05e-4ff4-bc4c-4eb864b22023,-0.024875999999999995,0.7092381884696237,50
a3cbe265-7b58-4aa3-98fc-1ab82b81f481,-0.024810000000000002,0.7179336431874523,50
3de6ebe7-b4c9-4427-8e1f-f20e76fcdede,-0.024728000000000003,0.6870117689156215,50
8bd6aedf-a1ce-42da-8bbc-1eee1751c21a,-0.024719999999999995,0.7453764407112335,50
e7b3bddb-e801-4d6b-9345-bb849d409851,-0.024318367346938784,0.7015531859956251,49
0e4ca543-ad60-4b52-8447-db1e488a016e,-0.023945999999999995,0.7158616261826138,50
445c58df-6d5f-46a0-8c77-21b4e4d7967b,-0.023655999999999993,0.7443163542253703,50
fe781ef5-4c02-411f-a200-53838c483b43,-0.023597999999999997,0.7543238592871074,50
9fc36e9d-c62f-4e5c-9ad0-ceb8233302c3,-0.02333799999999999,0.7118347018881876,50
deb2b912-ad7b-499b-a289-104ae3841c54,-0.023322000000000002,0.7371314033689333,50
3572c0c5-beab-4027-94b7-0295c019d4f2,-0.022871999999999993,0.7001292291908309,50
f2bef912-b1a9-4d1c-a6a4-1739c9af4abe,-0.022822,0.7101759064327309,50
bd8264ca-9c0e-438b-9fa2-0134e0fba222,-0.022649999999999997,0.6993290899286317,50
5e76b69a-c327-46c7-8ffc-5e654e824c45,-0.022194,0.7099731574144049,50
740448ad-d00e-4a57-b924-6066315b74e3,-0.022038000000000002,0.7671984658988513,50
2c31b46c-6e71-4eb4-9e30-00409f15a278,-0.021342000000000007,0.7196532739664374,50
02fd8f2d-af6f-466a-ab61-35a6c44cd85a,-0.02129800000000001,0.7237193044465315,50
12ec644e-6557-4050-8db9-69d5a5e2006d,-0.021206000000000006,0.7002035585689729,50
76421065-3a90-4bbe-9c61-5f835998d51e,-0.020397999999999986,0.7450041395556819,50
eb36ba07-c6c1-4593-a79d-7229e8772f98,-0.019732,0.704044468516712,50
7d19b9f5-cd33-4bcf-a839-1eeb053faa11,-0.019679999999999996,0.7330694632565071,50
eee30926-9516-487c-90f6-cd73a13cb60a,-0.019284000000000003,0.6884403761949979,50
db8c096c-8de0-40c0-aab1-09bbf5202bc6,-0.018595999999999998,0.7241396772920066,50
5523566e-c239-460a-8fa1-d9106231845e,-0.017702,0.688844914120881,50
d6b408b5-b79d-4904-8776-46ae250941c8,-0.017566000000000002,0.7652793214512047,50
230ab8b7-eedd-4599-85ba-4c750c98d532,-0.01714897959183673,0.6926311783465189,49
cb71d70a-5182-48d7-8c0f-f55241076f36,-0.016958,0.725443550481148,50
96540826-2fc9-4ddc-bb52-1a40d0fcbac7,-0.016848000000000005,0.7079499501622231,50
ba2e672f-85f1-4cdd-9f60-b5870ee51c9c,-0.016841999999999996,0.7662332362157313,50
80745bf6-2607-4b60-b85b-0533c9c14cf0,-0.016648000000000003,0.7555864016127083,50
57e622a1-b882-4cf3-8ac6-aab2f721be4b,-0.016524000000000007,0.7303495952275044,50
aaad170d-0de2-4c66-82ce-0a348034cd15,-0.016492000000000003,0.7452393246166644,50
e3febca2-ad9f-463b-aa10-632531f32b40,-0.016468,0.6998990456181111,50
325e6b5c-8c63-4e81-b32e-80396db9d036,-0.016265999999999992,0.6961305163251958,50
0e33a431-22d4-465c-9438-8b40dee54b6c,-0.016231999999999996,0.7184712231863839,50
cfd19e0b-2923-45cd-9b1f-aff12315f1d3,-0.015950000000000006,0.6860599593746475,50
4ce1294d-e69b-417d-937c-570310e3b5be,-0.01593469387755103,0.7318331357371878,49
36166545-6bec-4fc7-9ae4-e5b0274d2257,-0.015927999999999998,0.6903577815502182,50
8df49826-f44f-401f-9be6-67cf0ccc3731,-0.015902,0.7026127099618964,50
a6540635-908c-4414-9996-69aa69c6cdaf,-0.015880000000000002,0.6210809300185065,50
572eb43f-d943-40ff-8898-37b0fa95d3b8,-0.014800000000000002,0.7138041751125888,50
86e94a9f-6870-4dd3-b954-85e5f8d6a1ce,-0.0141,0.7573163687977302,50
090e04b2-071f-40e2-8e65-e70cc4b59622,-0.013956,0.7274374831571718,50
eb9b897b-9524-46cf-84ee-32df0d7d0971,-0.013787999999999993,0.7142535548874697,50
670e108e-77f4-4984-a5c8-6b08753b0886,-0.013122000000000005,0.7057157042466945,50
e44893fe-a76a-4cff-9662-83a8c078ac17,-0.013082000000000003,0.7301419184637732,50
56f8cb18-70c3-4c86-8de7-b347e5cc59ec,-0.011600000000000004,0.7353030747023072,49
66b8e8de-694b-4c99-a7c5-d6b92c12f48c,-0.011584,0.7665462078168329,50
fa4606cc-bfec-4476-b4e0-bf12e15131d7,-0.010430612244897958,0.7663016731364357,49
ddfbcdfa-5c5d-49b6-b130-3ca7a0bb3f72,-0.010344897959183669,0.6704087068290334,49
2d758a6e-64c7-4cad-9f5e-2477e5d76722,-0.010034000000000008,0.7499263056610623,50
e1f7096f-d687-441d-bf76-1732f67ef867,-0.009742000000000002,0.7236227994992295,50
08f21ba2-249c-42c3-ba63-625d70cc5252,-0.009560000000000006,0.7393618895192459,50
dc5ccc34-ea84-4a4b-97b6-4d8b1a1b8bff,-0.008604,0.7590706686361116,50
d2a0a827-81d6-4e98-9a65-97579e5fac47,-0.008438775510204083,0.7317719276455855,49
8e79bdec-bff9-4983-aecb-aab1e48fa02b,-0.008394000000000004,0.708747963438027,50
c6aa16da-07b1-4bd0-a140-b310dabda2d9,-0.008203999999999998,0.6211035034714341,50
77aa2b80-a434-48d8-a589-2a311fc33b10,-0.007995918367346946,0.7185575768391793,49
27182397-2aa2-4716-a66c-9116c67eff03,-0.007958,0.6923303868288108,50
b7a7cc35-e666-4fc7-b4ec-0c1bf80b71df,-0.006987999999999994,0.6598937046871368,50
11958ba1-5b22-409e-a2bf-8ee553a4bbe1,-0.006448000000000005,0.7118687563170673,50
2a084879-7225-4551-b471-4720b854f76d,-0.0063139999999999976,0.7637041528401599,50
76b9120f-bf23-488c-a7e0-2c6f6c578641,-0.005563999999999993,0.7536679374247259,50
298bcde5-ddcd-4c83-91bb-8d9a385770cf,-0.005471428571428576,0.7016226015458737,49
e28cacaa-f1a3-40cf-898d-e0fc4b9eedec,-0.0051300000000000035,0.7547589419875752,50
d7ba2f7e-6fe8-485d-9c47-58ea237fad27,-0.004536,0.7336752536791905,50
c907eb46-bb57-4d38-812a-ff3100d2e5ee,-0.004338775510204086,0.7254701199384226,49
00c53fc4-157d-4584-9759-6afe138a187a,-0.004335999999999995,0.7369012200188748,50
d4f65b97-fcb0-4805-a7dc-d721d2556457,-0.004187755102040817,0.7945725925596345,49
d60cc114-668d-4e79-b7f5-904febca11c7,-0.003929999999999998,0.7045065965566517,50
468e4ac2-f88f-42d6-9262-9f944f8974c4,-0.003714285714285713,0.7254324750335716,49
b6e5745f-9c48-44a4-b6dd-3d82bb972539,-0.0032940000000000014,0.753488119270392,50
e50521e5-b2e8-4dd5-ae9a-3c7301ea8b70,-0.0024739999999999983,0.7512241427001066,50
38bb1fff-31f1-4b68-905d-142cfe5c25b4,-0.002008163265306119,0.7821660327888443,49
6d7c7715-0b6b-4b48-a2e8-826ac26e2280,-0.0018519999999999958,0.7213144682721784,50
105cc361-205e-4eda-87f5-12d9011df817,-0.001644897959183669,0.7209455056443888,49
8110f85e-08e5-4b6e-8d86-5fbb7beeeded,-0.0014180000000000082,0.683274329133666,50
1273f9c9-04ee-4b14-85e6-b1221d7569f8,-0.0011619999999999985,0.7021304018340124,50
922da0aa-c420-437d-aaf5-ae118a574d15,-0.0009680000000000044,0.7389990465432529,50
f6fe47e8-3c3e-4335-a82d-9d6ffd40db8d,-0.0006142857142857237,0.7251008811997589,49
f4f41abe-67de-4a42-9cdb-49f2919eddf2,-0.0005980000000000052,0.7112728588887929,50
05666db2-99ba-4bda-a27e-dc0772a71bad,-0.0005919999999999992,0.7160160005166912,50
53447c81-2489-4c57-a022-f4c542bbc187,-0.0005460000000000043,0.7081180378975799,50
9bc036a9-629d-4f40-b417-3fb630802c1b,-0.0003759999999999941,0.6700693791553474,50
96ca7f71-17a7-44a1-9754-f0112f355f55,-6.734693877551411e-05,0.6534343302211513,49
3a0f16bd-4677-49af-bc28-587d0c2ba38b,0.001085999999999998,0.7566776662597663,50
3cf93b77-d15e-4320-949d-ab9e09cd77b9,0.0010940000000000017,0.7315209128122263,50
81d4409f-aa4b-4b9a-aa71-50a6b96226a6,0.0012265306122448943,0.7658426967442221,49
d2b80f17-ef09-4297-a3ea-22529738226b,0.001259999999999999,0.7188700589346123,50
47a50e9c-63e7-4c80-af07-90e9de49e23a,0.0013979999999999993,0.7416206677903991,50
ab487d83-22ae-4fcb-9a15-959daead542d,0.0014180000000000037,0.7805862131757132,50
2188c85c-1a80-4bdf-9f6b-054ddf45a139,0.0018540000000000067,0.7544493013112143,50
c172f7fb-c24a-4ffc-8e3f-841ca997fc41,0.0020020000000000016,0.728705987431397,50
bebaaeab-0c79-4959-86ad-4a14288e933f,0.0024679999999999993,0.7242698539937181,50
e957e6db-989b-48eb-b6fc-a57299b877ef,0.0030859999999999933,0.7421823476390009,50
d1772273-9ed2-434a-9349-8df00d362b11,0.0035980000000000014,0.7185346410605974,50
bd70d70e-d474-4937-bcac-9e5a84b30c60,0.003734000000000004,0.7346647655904017,50
dd0ac477-35c7-4ef2-a87c-dcf3f3674200,0.004144000000000008,0.7343241363377371,50
9e570c2d-98a1-4ebe-9eec-ed3489d03fa0,0.004387999999999994,0.6843761970120926,50
53607bdb-59f2-4c09-9ca1-bf0881d5b744,0.004772000000000003,0.7259147122107952,50
7ff23e1e-4d3e-41d1-ad02-b3a6b639e1d1,0.00507800000000001,0.6659927343141093,50
a3d9df6f-d30f-4f22-ae84-b20ebc851e07,0.005109999999999999,0.7328826442931518,50
c842cef6-4e66-4083-a86a-e03368296b68,0.005175510204081631,0.6593953703111322,49
22b3f086-80d8-4f51-a419-520ce2ea7301,0.0056300000000000065,0.7301562883439157,50
bc2c83ce-d858-4cca-b016-14bfa638f81f,0.006312244897959182,0.7084826375879689,49
9935ab40-5048-4b61-9224-17373baa1161,0.007498000000000009,0.7167119008161009,50
8d9dfe3c-8306-4a0a-b285-57ab24063dcc,0.007853999999999998,0.72166050676512,50
0023d31e-5066-4587-a0d4-ed213aa9d0fe,0.007859999999999999,0.6975990322498437,50
e6b18cc4-aabc-4447-b0f2-393005219475,0.008668000000000004,0.7048355241458529,50
0c299de7-b432-4920-8850-3003ac3b1f9d,0.008722448979591837,0.7588011713291857,49
fc35530f-a844-4411-9d4e-aa0e3c9686c2,0.00875714285714286,0.7619957868431209,49
8e0f7fcb-5421-4de7-84fe-a5978dc8437e,0.008989999999999996,0.7053448258599102,50
8d769ad2-e761-463f-8ef2-348bc305bf4a,0.009568000000000004,0.7105272490257943,50
50bc4ffb-1b9a-45f3-98a7-6dcbc4dfd1fa,0.009726530612244903,0.7676971950188407,49
5f91118b-cbc1-4088-a73e-a1a031c5ee01,0.010139999999999996,0.7252724687161033,50
847ebb0e-5a65-474f-b08b-948e41ae7fa2,0.010385999999999998,0.715704805471858,50
ee736d56-6273-4e98-923f-89e1452f07ef,0.010948,0.7491482985091695,50
c68838cd-7678-4265-a16a-f7617be5a87d,0.011168,0.7036912403975517,50
9faca02d-c57f-411a-ac2c-456901c391e9,0.011173469387755106,0.7534683389653007,49
50b17cb3-c114-4cc2-bf74-5341f7122bdb,0.01119387755102041,0.7278501020151068,49
6d3f886a-9d37-4ef4-835c-80690a160713,0.011751999999999999,0.740005572576922,50
2b669dba-005d-46d8-a20d-48c41299ac38,0.01182448979591837,0.7358826965880875,49
d3a9c5db-7a33-40cc-b5df-f6ed37ee22cf,0.012044000000000001,0.7231069848188977,50
951111dc-bacc-4850-a7de-d1fd38ea0ef3,0.012193999999999998,0.7166304798549549,50
d93a4bbc-9ce6-453a-8282-6fe5dfd3f768,0.012378000000000005,0.7568103688534411,50
7f4dc96c-92ea-488a-96b7-5409d296a856,0.012455999999999997,0.7342733165045644,50
9539e3b7-b6eb-4cf8-ba49-b01486b5acac,0.012642857142857147,0.6905540278766511,49
aff903c7-4f51-43d9-b97c-5077df7a5a3e,0.01291,0.7245709841847443,50
0b0df072-f03f-4b2c-9e58-a1b92b8b5742,0.013071999999999997,0.6837576916076725,50
ecfcc129-138b-4cd0-8e6e-d3a3a34af835,0.01369591836734693,0.7172881147532885,49
0efc80dc-aa43-426a-bc17-dfa2824e483f,0.014871999999999998,0.7368766800822099,50
6c3c2cce-7b2d-4c39-b5bb-5b2d9df925ea,0.014896000000000005,0.7237757302775325,50
543b7720-97c5-4241-af83-64032232081d,0.015125999999999999,0.6735656590602775,50
93076df3-17d0-4cc1-b256-d1cffba0c83f,0.01561224489795919,0.7883551102434352,49
aacb6a74-d773-4cf1-94d5-b4071a9283c8,0.01642000000000001,0.7121216537895181,50
155fbe99-f06b-4da0-b738-8eb7d0cdac54,0.016800000000000002,0.7032069492470817,50
48ee2180-cf38-47cc-bea5-5526f136a2fd,0.017084,0.7574144573131271,50
4c01ff0a-bf2f-404d-bd45-d2365d11896b,0.017286000000000003,0.7421593863166855,50
3a539784-23fd-4d98-8959-2853d9204b7b,0.017586,0.7499250117641015,50
18b00e42-fc28-45e9-89e5-2b6e55ba43e6,0.017778000000000006,0.7521085883632734,50
405d06ab-761d-49d7-885d-2f5408d52665,0.01893469387755101,0.7273816463152329,49
a7f4edeb-623d-4f5e-a5f5-94d56f5466ee,0.019403999999999994,0.7200596106162436,50
2b915158-2f3a-432a-b465-5b6df84db795,0.019659999999999997,0.7357423634031972,50
15bb0c63-3065-4f77-8c3b-aae3c9454a96,0.01998400000000001,0.7438316768007698,50
dbcec012-796d-4da1-9aae-ae2a7fe31b9c,0.02032,0.6724726547812717,50
cd855e32-0cb3-492d-a372-9b07acb79c41,0.020573469387755096,0.7243329695242348,49
19029c40-451b-4d82-a286-c90a8f32b50d,0.020910000000000012,0.7630904708045128,50
b109b145-7875-428b-8dec-82f147add3cb,0.020957142857142855,0.758171375470832,49
7c0e794e-78fb-415e-b4dd-c77302b7bd2b,0.021228000000000004,0.7469665205840683,50
05bd7c7e-a012-44db-89cd-7687b1069b15,0.021761999999999997,0.7769009463009202,50
fb3845f2-6891-4c37-99ff-799d46e32bfe,0.021953999999999998,0.7307619384573606,50
57819fa0-6e24-4188-828c-3a105b1dafbb,0.022063999999999993,0.7506610628843167,50
e034872b-adc8-48d7-ad94-6ec2995c35da,0.022136,0.6936411413427446,50
2500faed-38ed-443b-bced-c758f299a1af,0.022646000000000006,0.7717911450089886,50
733140ae-449a-48fb-bb0f-01985372e9ae,0.023269999999999992,0.7427892966957145,50
d4b0dee2-4d2a-4b87-8273-3acef67ee296,0.023592,0.7426158192744986,50
2151b138-f68f-404d-b389-d271f804e5a1,0.023884000000000006,0.7203291028921914,50
07abcbd7-6bf7-405a-bdd1-2969875f4c44,0.02412,0.7005033175932743,50
285ae768-0799-4633-9ef1-3f994168af1a,0.024936734693877555,0.7542660313990343,49
19ba294d-3568-4a90-9c54-f41404909189,0.024967999999999994,0.7278172761940531,50
137fc360-769b-4905-8bad-d9be0a7ad648,0.02500612244897959,0.7475985733244377,49
a332cae1-e142-4217-979f-0ea8687697db,0.025824000000000003,0.7274213220826072,50
48c9b33b-5475-41f6-9b5b-95a0b3124a12,0.02634285714285714,0.705326560892187,49
789ac082-cf72-4fa6-8d1e-8653faaf8a0a,0.026975999999999997,0.7261148659791496,50
ddb3287d-d8d3-481e-9157-21a3e8f1f704,0.027910000000000004,0.7611384529714924,50
90175a1d-ea8e-4dd9-ba02-c496387b95b6,0.028289999999999992,0.7497595797647265,50
db642236-41fe-46d3-8cac-d4133d7fc02b,0.028848000000000006,0.7533312427627366,50
6b6f98f3-7407-49c7-8360-2a0acbad5bbc,0.028850000000000008,0.7117365487284734,50
6eb6896e-eb5a-4204-a366-a5ab7010008c,0.02891428571428572,0.7236982940655128,49
b6bb6a34-7977-4e80-9128-a974019ee451,0.02907799999999999,0.7488025118487655,50
a101a881-5e75-4c4d-8021-95ba6926093e,0.02931428571428571,0.7100821666070296,49
e79c6e28-9440-4856-a74e-00a56accb65e,0.030118,0.7337817697297713,50
fec0bfe2-3c1f-4c49-ac06-5ac05bb3b139,0.030948979591836737,0.7229629537887957,49
29f2c93c-9e3e-49b3-b754-effd93229e81,0.03108199999999999,0.7341711499538032,50
ade6af2b-216a-4dc0-a845-dddfcb44df1c,0.031514,0.7533654131418347,50
f6fea89a-269f-4bf9-86ba-e08b23a86e5c,0.031849999999999996,0.7442765256493402,50
e5503548-dfb4-4ab1-bdec-9d6d57b4263c,0.03204081632653061,0.7221658307129463,49
99010f2c-419d-4ae4-9593-ea3a7d0db646,0.03217,0.7770121290388391,50
9d8d0fc3-1084-4fc8-b982-211d98440efc,0.032578,0.7206700437475545,50
2e9a154a-0213-42ff-99ac-87872f6cbfe6,0.032684,0.7778317541075058,50
86a9b154-3392-4aa9-903c-78078dc3b4a8,0.03304897959183673,0.6857281012187122,49
7741ddaa-22a5-460e-a7ae-4fd004307793,0.033312,0.7141305421851335,50
561e8347-957a-4478-8749-c57fa706c4b5,0.03337755102040816,0.6865156857473914,49
144f5071-3054-486a-aea4-7bcf68cc2679,0.034172,0.7770769465327441,50
b916c06e-5807-45be-9608-be8b70f05d6d,0.034538000000000006,0.7526192106780377,50
32586be0-59c5-43bf-934b-702f9df22a47,0.03536734693877552,0.7405054713357838,49
e778486a-9968-480a-98ea-959349a80060,0.03634,0.7690527457296319,50
b383877d-9dac-4533-9432-c4bb320783f7,0.037531999999999996,0.7738545508646166,50
bf89ccca-4edd-4eb7-92a8-123c89a02ce8,0.03755,0.758807891648849,50
bdcdf938-4bde-4e1e-b8fc-50defd9213c5,0.038782000000000004,0.759449869283748,50
6ffac312-fd2d-4c98-965d-da3a178e727e,0.04007291666666667,0.7432490547158422,48
23c67839-ad75-422e-92c6-6d77cb8e2760,0.040251020408163266,0.7368001603562667,49
cb548740-7aa5-465f-9a3e-b10b8a97ecf2,0.040581632653061216,0.7926182276884285,49
cfc4bd1a-9cde-4180-b915-338355a209f4,0.041572000000000005,0.7631609071620533,50
e11b1373-545f-4dde-9b73-9dba44044fa2,0.04171632653061225,0.7555551287924381,49
b6ed5d18-bbbd-47f4-8578-b863f0cc3c12,0.04242800000000001,0.7442990226504179,50
8b9837fc-586d-43fb-a50d-9cd3712e980a,0.042554,0.7318822438488478,50
25ba4130-0187-48af-856e-f2cf744a5bff,0.042962,0.7653181456340459,50
9b843875-6187-42d6-ad10-169ce9f7edce,0.04318800000000001,0.7189352806840439,50
34de59ec-9db8-494a-bb8a-9b48d6cae359,0.04377,0.7765784066884,50
71a22acb-9c4e-4e7e-8a26-afe8c14e2c24,0.044142,0.7396822144705668,50
a6fb61d2-575c-4f87-9f6b-a80afecc75d0,0.044642,0.7384549380611783,50
3f2383b6-ef28-40ec-9a20-7480747a29d1,0.04475510204081633,0.7622438263828993,49
5c07406c-33f3-4813-a0ee-34fd3ea377bf,0.044994000000000006,0.7449025303750711,50
5e0d5229-ada9-415b-b9a6-6cbbc608828c,0.045481999999999995,0.7901315962960261,50
63b4026d-3401-4455-9afe-5f861929079f,0.046296,0.7423639236154422,50
119c0358-e83e-408c-be18-2113ec567e76,0.04632,0.7073042540202216,50
7af0845c-e803-41de-8ad2-9f01cfc68686,0.0463795918367347,0.7666928722820915,49
15468305-9c96-43e0-9739-37ca6ae985e9,0.046456,0.7609328746066519,50
b1ecce61-6bbb-4576-acc3-0582154aacb4,0.04677600000000001,0.7533449239984866,50
a636696f-7c8b-429d-bdb7-3a6635a53320,0.047510000000000004,0.7476416587496707,50
13495190-434d-4fc9-80d8-511611e79e4c,0.04755799999999999,0.7299654725102708,50
2d81dc72-ec4d-4414-9731-b1de9a191f43,0.04759200000000001,0.766944481890339,50
497c00c0-6a17-4fd1-a1a0-bad40b3c7a85,0.047922,0.7376180285464385,50
351aafe1-acab-4c0d-8ad1-02c7e46f1e2a,0.04803061224489796,0.7536408122143029,49
27257f2e-b5bb-4491-a46e-1aec2412adf6,0.048195918367346935,0.7426582970875591,49
fff6a6a6-9476-4691-8ade-71fed7359762,0.04832799999999999,0.738698478445125,50
7a5ed2b6-1835-471b-9cf1-396e9c782a7f,0.04875918367346938,0.7142965723698523,49
eec8e628-f501-432d-b72b-9395c39b0d5b,0.048892,0.7876715211563867,50
12753ae6-bf75-49b8-9839-a753df4f7e7c,0.04902599999999999,0.7467878022270463,50
d11ffa0d-2d0a-4df1-957c-34abf38d8284,0.04907799999999999,0.7635777194154861,50
d52dcdcf-49ec-4801-b550-0fdeff5f4f2e,0.049791999999999996,0.7607443642182279,50
a448fbcb-41cc-4821-832a-21b70b9e187c,0.050646,0.7295316018137239,50
b060ad11-d49d-470d-a83e-0bc56e14fb15,0.050657999999999995,0.733776001824168,50
961b72d3-3761-48e2-8ca4-dfa67c37d492,0.050769387755102036,0.7319746233659337,49
69151c8a-cbd1-46f1-891a-acf588a96250,0.05201428571428572,0.7294730329719759,49
b7b169b2-f544-44fe-832e-4e6527bc0f87,0.05230625,0.778583137146874,48
608508a3-9b4a-4c60-96c8-3618f25f6506,0.052396000000000005,0.7249553072670715,50
5a6e4dec-d826-48b7-9635-b5c39c7acb94,0.05327000000000001,0.7777469826888644,50
10ba029d-75ea-44e1-9ac2-c5e327fc81a5,0.053788,0.7396455827058838,50
697d9890-74e7-42db-bc83-28c360ce16e3,0.053898,0.7472141750966093,50
ec32640b-4a1d-4181-b015-14d90b09cef1,0.05406666666666668,0.7962546995307611,48
5746d2f2-6fce-4ce7-aea9-3e407164f8de,0.05412800000000001,0.716507470385597,50
e3d8c36f-fd23-4c5e-910d-7e453bcee567,0.054368,0.7273179568687091,50
a3357b6c-dcad-496b-96ab-a0be8a9b89e9,0.05542244897959184,0.7349841101642114,49
efeb6895-6b45-410a-b9bd-f5139c883b8e,0.055986,0.7477991651724766,50
65935566-87fd-40a2-b15b-2454f6057e3b,0.05771020408163265,0.7744321086676186,49
ac489ef1-bcb2-44d9-b8d1-e4aa75959cb4,0.0577530612244898,0.6785544055508865,49
20d15fc1-68ef-4ff3-b1b8-44c019236852,0.057792,0.6994558636832036,50
0c46f9cf-b248-456a-b5b2-64b6c19701db,0.058949999999999995,0.7263574018374711,50
fb433603-9907-4f41-9460-dd59740619cc,0.059174000000000004,0.7915957259812845,50
38ec8c3a-1918-4fbc-a7fd-2afe6db99e43,0.059496,0.7479462642926882,50
0c968ca4-9946-4eb5-ae3f-0ddaaf86ac09,0.059623404255319146,0.7335449757150918,47
18592d81-2287-4f4c-b9eb-a1b4b47143be,0.05965102040816326,0.7391581292599171,49
2c3a28fc-a57d-4d6f-900c-8686481972b4,0.059781999999999995,0.7622459458168903,50
317f866a-caac-44cc-ae6f-91a6df30907c,0.060142857142857144,0.7681917097422145,49
b5ccc9ea-a7ba-4e11-b16b-44cbc10422d9,0.06063399999999999,0.7012176393959296,50
e2ca2b30-12b4-4841-a221-6223a0c2c1eb,0.06078,0.7604453912420169,50
16703932-02a2-4382-953f-d39c1af0709e,0.061024489795918374,0.7477922933349129,49
cce1afa8-e85f-4d8c-ba20-2e57027a2538,0.061542000000000006,0.6527496710822299,50
a1057ed6-aee5-4835-9253-5bd9b0cec6ab,0.06307800000000001,0.7548024086055466,50
fbdd2796-dc1c-47d8-b03e-e51168fb3b45,0.06347755102040817,0.7404664636974077,49
b0aebde4-e8e1-4780-a09b-acbea2d73a99,0.063596,0.7618938672030592,50
c2b56028-f236-44f2-b7a4-c5c6df2da62d,0.063818,0.7503807138991758,50
af6ad13e-fdbb-4dc9-9de4-d85c27609ec1,0.06385800000000001,0.7343465428084304,50
15be6bcb-6ed0-47fe-a622-cd699e6e8bb0,0.063942,0.7271238605685851,50
0a7444e2-d081-4c96-addf-27a36fb1c257,0.065322,0.7682700094792886,50
6164d5db-4699-4d53-8193-138e5f48b19e,0.065424,0.7692825100238347,50
51ea97c8-5350-4b83-8795-58ef4b7be528,0.06549591836734693,0.7659756488076671,49
29e4ef89-8545-4d19-af5b-853e1cc1eb6b,0.0660795918367347,0.7434600109677475,49
45a6bb60-06be-4cf7-bf8b-307bfcb2760b,0.066444,0.7396736605739984,50
aa5dace8-cf57-40ae-8d33-259eb9517721,0.0665326530612245,0.7534178730369784,49
f81e9eab-c0c2-4ea5-8f74-82b78a1cd09f,0.066836,0.7748744505968402,50
2bf42d0d-e1ac-4cf7-836d-78ef97acaa24,0.067208,0.7509538103244543,50
1872f9d5-d1db-4424-83a3-948a0d31ab1d,0.06763265306122448,0.732382843130261,49
2abf69d3-1e77-42f3-afb0-d8857b3aae22,0.06768979591836734,0.7225184606190862,49
2b636382-33cd-42f9-b418-55c6fa410120,0.068516,0.7009532082435594,50
68f4f3f3-6b6a-41d2-8499-7d507ad02ab7,0.06858800000000001,0.750050239579908,50
827f8a3c-eebb-4e56-9901-b6e5ec3b8986,0.0689,0.7603421968604206,50
4596baf9-4d5b-44b1-98e5-a5e3b3c8245f,0.07023199999999999,0.7703480274816688,50
f38b0e80-51d7-46d6-9ac8-9e7649d78ed0,0.070436,0.7028814243076384,50
e376f782-409c-4594-979d-db9122c294c6,0.070578,0.7575872701907695,50
a793ea77-cd81-4d82-bfde-960519b1c78e,0.070664,0.7485408556352166,50
fb7538c7-3d40-492e-a227-0b635127d0cc,0.070716,0.7358221361615225,50
f9eba6c5-96ac-4f07-9e5d-1e1618550d46,0.070936,0.7388101619578908,50
9cbad7c5-7166-48bd-b27a-fc14c87575ce,0.072574,0.7556170436518375,50
c24103e4-9c50-4851-9e45-50aef554e8e3,0.0734061224489796,0.7689653325541197,49
e40d9d9a-703d-489f-b7fa-3571936e8f3e,0.07341,0.7459187717034556,50
1392df17-f826-4369-939b-f82aef3791bd,0.07379,0.761008613282265,50
b1dbb772-340d-4ec3-81fd-0ddcd3716634,0.074128,0.731427021772912,50
f7265231-ea01-41ac-a2bf-dfb07af87a8b,0.074254,0.7830702333059251,50
f44ff07c-34b0-4da0-a9c5-c58c68d99278,0.074298,0.7744094304140967,50
3b0079f0-7962-4f2b-8394-9794f2340e56,0.07462200000000001,0.7408628503140849,50
693f4758-9476-4f85-ae7d-44ec233400bb,0.07508775510204081,0.7774832175661021,49
6e833066-92f5-41e9-8297-9630abcb2cc7,0.075918,0.7897537641801619,50
e2d1fbc0-6df6-4517-be75-e54f167324a1,0.07597551020408164,0.7682875119734941,49
f11488e2-49a3-4d1a-8d3f-f0ab810ad601,0.07603061224489796,0.7430093318178227,49
0789dc31-1b5f-4968-942e-d0b69882fd4e,0.07616,0.7380723583243373,50
52cc11f5-54a3-412b-8584-739d51ba0b28,0.076368,0.7071599384488199,50
aba3cef6-02fb-409d-a5a6-11f5569de973,0.07728571428571429,0.7563341603308246,49
dbe4749b-c10e-41fb-beeb-e8489f0d6301,0.07786399999999999,0.7496774478536805,50
de5ab116-8363-425c-9dd1-01558754b59a,0.078168,0.7538402414088459,50
c25b8970-1076-4847-b621-8ae6d775484d,0.078568,0.7509957635794531,50
5b0ef168-8bad-492c-b8e8-836c36b253e2,0.079454,0.7333057282649049,50
2f639c6a-2913-4df8-9bd5-c9934a42da79,0.07997200000000002,0.7388410127064841,50
8c0a9363-eb87-40fa-9840-a499afd0a454,0.080382,0.7416678217589416,50
a89b6b88-c9e6-40db-84a3-038d0615e414,0.08073999999999999,0.7719069130724115,50
499e4897-3545-4f9c-9db9-a0ab6d253631,0.080778,0.7614377869423565,50
57a66ae8-931e-4f6d-a4c6-45891aa46f23,0.08272,0.7151347425485635,50
3687c452-6ae6-4e83-8373-56c050597ab6,0.08279795918367347,0.7517685435828957,49
921eeab1-e463-4e9d-bb0d-fe5775c1ba01,0.08294800000000001,0.7730684654950408,50
44e97e45-f3e3-4893-a492-f4ba0ef12a63,0.08299,0.7173950018458933,50
bbdb3d0b-9c8a-47c8-a228-2ab3eb0e1e80,0.08329799999999998,0.7454249886268823,50
a2d9b7a3-5d87-4440-bad3-235e8dfbb02d,0.08365102040816327,0.7296493990045404,49
d76b59b3-cca3-4b83-b4cb-782db8353a34,0.084262,0.7559608233802294,50
001d52d2-bf0a-4232-9c3d-ab0e64d1b473,0.084536,0.7652447464327065,50
d1c07ab8-8b6b-48ef-a04d-7c3f03dc9290,0.08485,0.7663872611021089,50
910a4de7-43a0-4e7f-bcb4-32b3eea34428,0.08549799999999999,0.7709124438730818,50
8211c3b8-727a-4823-a392-94192dfa5796,0.08569183673469385,0.7699092608431026,49
931adbdd-b9ed-410e-86d2-1ff096c16cd3,0.08583400000000001,0.7626390487093659,50
bf9e30fd-9eaa-4ec1-9020-cbd67b93d6c3,0.08587142857142857,0.7542488990158798,49
e64e3d4e-2f09-42d8-9c08-c67ccf1a7451,0.085942,0.7447029321679832,50
e4dacc09-d3bb-4fa8-a086-453b82049b8d,0.0861265306122449,0.7517518129275086,49
725e5eab-361a-466d-9c8a-e12647198947,0.08617142857142858,0.7754311996667831,49
d9830095-eab9-4c83-b4cd-77081e595ca5,0.086724,0.7599050930429754,50
48177cca-6cda-47d6-9453-49f930fa4a82,0.08693877551020408,0.7204265596437543,49
63942beb-f1d5-480b-a728-242d8d56e0db,0.08781,0.7723934622394237,50
eefd9bf5-ee95-4191-90f9-4e479c061e43,0.08783400000000001,0.7267483003665811,50
dfa8bba9-3221-4f28-b8b0-0c4eaa4f877f,0.08877800000000001,0.7563010164381019,50
0899e383-e74c-4370-a4aa-50a8865620ba,0.089308,0.7485571407687714,50
00f95820-0bf8-43ff-b069-5e61cfe76eb4,0.090218,0.7245924939733016,50
88ba481e-90bb-4fe8-b03c-940cff0ed6af,0.09042244897959184,0.719447408393329,49
59003469-3ae0-466c-ab72-f1b67984a014,0.090926,0.7633064428109686,50
92611064-3f47-46da-a9bb-d131b95eea04,0.09236599999999999,0.7660702202081712,50
de262932-c4ab-481e-8076-4707993247be,0.09249799999999998,0.7153240808250224,50
c4a2150b-dcaf-4405-aa35-1719a0eaa07f,0.09262000000000001,0.7675079594083062,50
4000eb42-b1fc-424f-af97-8c1e6f667853,0.094358,0.7644907594348179,50
ec45caf3-e55a-46b9-87af-8c482bda2fa3,0.09456200000000001,0.7139213038692482,50
f34ce0da-c385-4640-845f-86bbb0d2d503,0.09531199999999998,0.7682879760472471,50
dc6bde6f-59b9-4e48-87ae-831775468c42,0.097232,0.7254349095092502,50
cb2bbbc0-2302-4c8a-a2f2-f692cba03465,0.09736399999999999,0.7420347543321232,50
516e4dd0-fa5b-4c75-98f5-a6b26e8f9e61,0.098156,0.7649254938134264,50
d412af61-2be2-4c15-80ec-25e8a8c0a118,0.09826399999999999,0.6905770103681266,50
ad96f6be-cf21-4fca-83ca-adf17e396c3b,0.09840199999999999,0.7632313109913346,50
f13df654-ff32-45b2-addf-390695b05dc9,0.09850204081632653,0.7677043136004568,49
8784eb19-9082-49e5-bb27-f6c2afdb0db3,0.098602,0.7172007433922869,50
878e2d36-59be-41a4-81bb-6779fd593c88,0.09902040816326531,0.7298053130743133,49
3e49eeed-d767-4b44-a9b7-f6c26424cd03,0.09907551020408162,0.7205668374997714,49
8bb56431-7b6c-44f3-9d19-27b256606904,0.09929600000000001,0.7857904342216734,50
498de251-9037-4e97-9e8a-70963a0c8369,0.099408,0.7361903671397689,50
8e2a2210-2641-41ba-b981-c77d5125349e,0.10028000000000001,0.7318152278786647,50
d5fb0b2f-5e0b-4848-a0f4-648be115f35f,0.10041399999999999,0.7292121667153628,50
8b3ebb2e-10af-4230-993e-0b1e266deada,0.10191800000000001,0.7105877747243863,50
2647b5b2-a610-4eec-bdc4-25602a13b020,0.102048,0.724731490669025,50
5e9ec63e-2b68-4bec-ad46-a0fee64c6e5a,0.102818,0.735595913553586,50
9ac23110-dd72-4693-abf5-75e42999f5a5,0.10289,0.7463960770097269,50
3de4a72f-a2dd-4a63-8c0d-e74e9390ece2,0.10295,0.7086756873901906,50
cc862a57-a374-4e99-867f-5cb8c0d2766a,0.104996,0.7465153447744216,50
7b1e3875-e21f-47a5-bf81-75cf965d5d69,0.10526122448979591,0.7305496645837771,49
b49ce326-2ef2-46e1-bb4d-aeba08438b06,0.105764,0.7733334808186582,50
1316365d-c044-47ca-9ca6-f1ebeb11ae90,0.10626200000000001,0.7534856928587675,50
3dc37372-506c-4539-aeff-7bde70d33c33,0.10644999999999999,0.7261335741094607,50
8b0c192b-a9ed-4399-8405-5ab2684a4255,0.10704600000000002,0.7660644948630604,50
30f8b540-4e2e-4358-a704-c18950908c1e,0.10715399999999999,0.7325844684069001,50
78133a1a-0ccc-47b9-900f-da6956a8601f,0.10748800000000001,0.7776982709697815,50
1b05dc95-cbdd-4baf-b44b-32ccd597614d,0.10767800000000001,0.7408979500331103,50
0019166f-704c-49bd-9944-b6c16d7d0060,0.108342,0.7664633923896623,50
d38c0b2b-4be5-48b5-ba30-251c88daf720,0.108726,0.735317495166516,50
8b6a24cb-b588-401c-955e-b716c8504e20,0.10926530612244899,0.743028781562055,49
9c234e81-e57c-4b3e-bf1e-ae63c7506311,0.10926938775510203,0.7295930718569774,49
05675d22-6fc8-471f-9d32-4ddba2075410,0.10959795918367347,0.7713314707076858,49
e16353a1-296e-4688-9118-0f87fb9f56c0,0.110266,0.7321294662496658,50
999ba7ee-bdba-4e23-9390-0258f754af20,0.11058399999999999,0.7394072213080213,50
e4a0e64e-25e5-4efa-bff2-5b4d3cbdc625,0.11059387755102042,0.7408337196497388,49
4b139590-5269-4733-a06b-55d69f99db88,0.11115,0.7255146379625701,50
40d72346-80a5-4c37-b53c-629de2a854c5,0.11201632653061225,0.7465140321149748,49
41dbe445-42f3-45a4-b43c-32c2c437b76c,0.11249,0.7337494573929783,50
305c94c4-7b6c-4855-bbaa-eef19a56d53c,0.112768,0.7545682713300098,50
cb07eae2-3c36-4efd-bb7a-586e066e4cf5,0.11306000000000001,0.7551883754726232,50
66100684-0544-48de-858d-e5a3f07ab25c,0.11364600000000001,0.7469578004117224,50
bfef14f6-c0c1-4ebf-8cfb-aa91224bad74,0.11382448979591836,0.7357653573350825,49
735d47d6-13e4-4e5a-a342-240847135c91,0.11518800000000001,0.7522597897545985,50
37c299f4-c745-41b2-aacb-d8acda9c1343,0.115298,0.740201118971412,50
da6081c3-e37f-4127-b42b-2eff9cfa5f1e,0.11637,0.7261069602014989,50
a473bbc0-0f70-44c4-82a7-bfb11f600fd6,0.11738979591836736,0.7346763066267399,49
1d64ac5d-dc8e-4da2-8a4e-8e21a88f7529,0.118026,0.7338007311141584,50
09bf00c3-4c69-4fcf-a46d-759164248a0c,0.11888200000000002,0.7439346157603709,50
8540dfa3-b712-4711-ba76-18e9f857214a,0.11955600000000001,0.7446620272037401,50
70c37d99-31aa-4a33-a114-afcdd893212a,0.12052800000000001,0.6721966081559224,50
8732d934-cd11-469a-8c77-02670901ebc8,0.120938,0.7674831984839159,50
1305a987-fb6a-4dae-a4e8-4fe1e4f700cb,0.1224265306122449,0.7533642102195962,49
c98eada1-1bc2-4a3d-ac3b-174bbbb4fc39,0.122658,0.7412102714934183,50
b4841bc3-e426-45b2-9de9-e4bcc6c7cd9b,0.1231625,0.7772378254351971,48
71225db8-81b1-459f-9e64-98bdc3a59d72,0.123582,0.7230168515522798,50
b02491f7-4c7c-4335-b5e5-4ea520baadf9,0.12368163265306122,0.7492847672039954,49
5cde7a2c-3435-430f-ae4c-d5caa1a1d481,0.12409600000000001,0.7858309767789166,50
fcbbcd8a-b97e-42ef-9447-6668a08a0d5b,0.124532,0.7650437571692704,50
6c99b4c4-33f4-44e5-a080-cebc6601e60c,0.124876,0.7227298170075984,50
3e2aeb35-a633-4109-a453-0706e7ab5d15,0.12539,0.7430314535188719,50
7e73d9e6-2be9-468c-9c6f-3087bdb9ae7f,0.12584,0.753817165620201,50
163255cf-8fb4-4424-8be1-b5f1cdf87b21,0.127638,0.7204094422235858,50
42799b08-4bb7-41f5-9bc5-5d826f221f29,0.128116,0.7198261063703129,50
847e2696-ab29-4197-9c3d-baa400970b0b,0.128588,0.734238699061824,50
fbec94a4-3c2d-4141-bc30-ae7dab865fc6,0.129002,0.7622295263319605,50
056d90c0-073d-41cb-b77f-fe12296cd567,0.129218,0.7176073065431271,50
17c016be-9004-4933-8e51-27fdf810d432,0.129964,0.7694237655040614,50
37bb0cbb-110e-49fc-92bc-d200ce3434a1,0.130662,0.7513437480342829,50
65b32583-0ebc-4f1f-b80c-83051f589fb3,0.130826,0.7276112507152064,50
22e557aa-6558-4e67-878c-eb38f8537dc1,0.13104489795918367,0.7501149039928328,49
96445900-7fc5-4dcf-bb66-33603e914aee,0.132264,0.7485489333479319,50
f6d6ae81-44f5-4924-92d0-24cde5879386,0.133212,0.7401613868803016,50
51be8eb4-c303-48ad-be8a-ddb3fff873ee,0.13420204081632653,0.7387568399259766,49
57e28d36-d13e-48e4-89fe-ef50106daaeb,0.134278,0.7453271450709359,50
c1c02177-a538-4846-8edf-244c2c22ebe3,0.135082,0.7146613531382453,50
7daf3a06-4a6d-4846-8724-8e0cb75f78a7,0.1354122448979592,0.7350087764874684,49
19c13b81-3454-4b92-930b-e84f7c7bef9a,0.1356387755102041,0.7249935585392945,49
42c6f67a-9e9b-4ee1-95b6-404f1a6d56d1,0.13832,0.7507441114096911,50
48419d23-ae73-4228-acf7-704a8ff1e7be,0.13842600000000002,0.7610389597713089,50
3c898d9c-73df-42f0-b213-d730cc047410,0.13924199999999998,0.7552747171752021,50
00545fcf-cc69-4d09-b4e5-8a92965f0fd8,0.140792,0.7344585796631532,50
1908cf0a-4093-4592-8dd8-b357430f733e,0.14323,0.7619516180606917,50
41bb983c-e567-4ff7-8dff-1772ed69034b,0.14327600000000001,0.7603411907499292,50
5f55bd37-036b-4b6e-8056-2049de411c66,0.144598,0.7194742713528924,50
9cc9add9-e75c-4d23-b193-f2210d029033,0.145486,0.7358911648706579,50
b3651407-5159-42e1-9d30-3d5b879a0c57,0.14590999999999998,0.7188630871461023,50
fad6501d-1401-4a88-a342-01a43877062d,0.146228,0.7115795284593628,50
30bc66dd-c35d-465a-8dde-6cd4287ad415,0.14639,0.7345530900778084,50
403dfc24-fab2-4947-975c-9ea811567cec,0.14669000000000001,0.7411918629161152,50
c093557f-6902-47bd-a50a-ffd45e628c87,0.147186,0.7508451975050028,50
8697cfa7-5667-4112-be8b-81f4e1e291e1,0.147572,0.6904955005956642,50
39f36bb1-6bb8-492f-9cab-b2270a935b2c,0.147678,0.734466513397337,50
58b9eb72-4eec-41e8-be44-c0afd810515f,0.14798,0.7412135975161662,50
aa8cee7d-e48d-460a-85ed-3887788fbe54,0.14814,0.6996527018923789,50
ff8a6b2d-d618-4763-a7ba-3faeb3b387cb,0.14823,0.752730926055796,50
8f8a7a23-fa6c-4ccb-ae41-60874b30fb05,0.15018399999999998,0.7380326662644882,50
03a0c37c-fa2b-4964-b65c-3f3a7369f495,0.152598,0.7374769922360636,50
2c277606-dda7-4616-aa27-a3c37ddf942c,0.153282,0.7392372935668221,50
01d21730-38bd-44dd-aafe-dc9b541d20ef,0.15393800000000002,0.731222713745928,50
2f339d78-6155-41b3-bb74-f78eddc3fec4,0.15584,0.7334945824264687,50
8f10897c-ccc7-40e7-be57-7b8e697c8831,0.15661,0.7289630581188876,50
d1451d9e-956b-4af0-b713-fc03d2c5b3ac,0.15859,0.778425655357252,50
7fe2f5f0-8c43-42b1-b7db-2ec526fa16a0,0.159766,0.7020534346806792,50
bd04506a-4d39-4e87-bdc8-cc28a8586ee8,0.16007000000000002,0.7253582364062939,50
f69ac516-dc42-4c24-b1c4-bfc7a4847c48,0.16037600000000002,0.7626998935200596,50
9c6ac2ff-67f4-4c51-9ee1-a1079508ca9f,0.160854,0.7339431508346833,50
9f8c15e3-bf02-4df8-b27d-a6780630d1d5,0.160906,0.7164871146597609,50
90e75d26-9b87-4dc8-905a-1ff00ed869e7,0.16159800000000002,0.7414843077013478,50
aa3bb271-5c5e-4d3a-ae42-4e2984bd1e7d,0.16275714285714285,0.7161890314365336,49
eea8fb4e-c274-451f-8b71-1ff1cb3f5e84,0.16328399999999998,0.7012450665867423,50
6d4376c2-e869-4aaf-ab6d-7cf8cdd61430,0.1650918367346939,0.7244381282060184,49
036b195b-f06c-4033-b2bf-6fdc85e5d98b,0.1667591836734694,0.7221627072892367,49
707362d1-b2b0-4d7d-8664-8449aba24e0e,0.166906,0.7359293268004055,50
3a3826a7-c16e-45f8-8b5c-410bc8b2cfc1,0.16783,0.7221678631391875,50
fc9ecb6c-47f1-41a4-8dfb-adaf49ef9d5a,0.168618,0.7296687013645442,50
0df10ea6-dc32-4c19-bd38-e4fce44db65c,0.17157599999999998,0.7416844129357424,50
0d940b44-8fd9-4ecd-9b51-e02ee30955b2,0.17239591836734694,0.7020401807586656,49
99a3653d-9401-4a45-9a0e-ec902c4ce1a2,0.172818,0.7634366016713036,50
56ca70d4-024e-43d4-a8ba-916fb123a489,0.17314,0.731150804679632,50
2ff9c8e5-a20f-42c6-a93f-e8ebc9c1b313,0.175338,0.7094490037590396,50
4f2202e4-2d32-4638-8e92-f09d33971e24,0.18354199999999998,0.7246125087188579,50
cd2dff79-1721-4c27-9fb1-34a58ed17056,0.18998163265306123,0.7671213981158909,49
4c814ee2-bd5b-41e5-84ee-1a1330545fd3,0.191814,0.7265279350529096,50
57d1b978-5497-440b-985f-a45f6a47fa12,0.232866,0.7354904906806291,50
