image_id,dimension,modality,within_mean,cross_mean
102tapSsNubXllWzP7asAW-qwMJApiWt6,gender,caption,0.9450917,0.9444837
102tapSsNubXllWzP7asAW-qwMJApiWt6,gender,justification,0.58829814,0.5864883
102tapSsNubXllWzP7asAW-qwMJApiWt6,economic_status,caption,0.9454416,0.9441343
102tapSsNubXllWzP7asAW-qwMJApiWt6,economic_status,justification,0.6093648,0.56545675
102tapSsNubXllWzP7asAW-qwMJApiWt6,political_spectrum,caption,0.9452509,0.9443247
102tapSsNubXllWzP7asAW-qwMJApiWt6,political_spectrum,justification,0.61325026,0.56157786
102tapSsNubXllWzP7asAW-qwMJApiWt6,personality,caption,0.9452959,0.9445341
102tapSsNubXllWzP7asAW-qwMJApiWt6,personality,justification,0.6027507,0.57973266
103V6ocF--_BPMnZoK9eUxTWbIZG2QsHG,gender,caption,0.7357559,0.7329212
103V6ocF--_BPMnZoK9eUxTWbIZG2QsHG,gender,justification,0.4886823,0.4856776
103V6ocF--_BPMnZoK9eUxTWbIZG2QsHG,economic_status,caption,0.751901,0.716803
103V6ocF--_BPMnZoK9eUxTWbIZG2QsHG,economic_status,justification,0.53383714,0.440598
103V6ocF--_BPMnZoK9eUxTWbIZG2QsHG,political_spectrum,caption,0.73587227,0.732805
103V6ocF--_BPMnZoK9eUxTWbIZG2QsHG,political_spectrum,justification,0.5055984,0.46878976
103V6ocF--_BPMnZoK9eUxTWbIZG2QsHG,personality,caption,0.7426106,0.7302111
103V6ocF--_BPMnZoK9eUxTWbIZG2QsHG,personality,justification,0.5026698,0.47945258
10ha6FXS8e5O7LoMJMasGsqRPE_9V8tk4,gender,caption,0.830857,0.83083993
10ha6FXS8e5O7LoMJMasGsqRPE_9V8tk4,gender,justification,0.6251553,0.6233173
10ha6FXS8e5O7LoMJMasGsqRPE_9V8tk4,economic_status,caption,0.8467964,0.81492716
10ha6FXS8e5O7LoMJMasGsqRPE_9V8tk4,economic_status,justification,0.6468181,0.60169053
10ha6FXS8e5O7LoMJMasGsqRPE_9V8tk4,political_spectrum,caption,0.83211535,0.8295835
10ha6FXS8e5O7LoMJMasGsqRPE_9V8tk4,political_spectrum,justification,0.6506425,0.59787256
10ha6FXS8e5O7LoMJMasGsqRPE_9V8tk4,personality,caption,0.8313675,0.8305896
10ha6FXS8e5O7LoMJMasGsqRPE_9V8tk4,personality,justification,0.632518,0.62010443
11DOuFmByYWPoQc2QyFxzxcb1da83nIqF,gender,caption,0.83709854,0.8347098
11DOuFmByYWPoQc2QyFxzxcb1da83nIqF,gender,justification,0.5411634,0.5383696
11DOuFmByYWPoQc2QyFxzxcb1da83nIqF,economic_status,caption,0.84510154,0.82672006
11DOuFmByYWPoQc2QyFxzxcb1da83nIqF,economic_status,justification,0.5713979,0.50818527
11DOuFmByYWPoQc2QyFxzxcb1da83nIqF,political_spectrum,caption,0.8374973,0.8343115
11DOuFmByYWPoQc2QyFxzxcb1da83nIqF,political_spectrum,justification,0.5610586,0.5185075
11DOuFmByYWPoQc2QyFxzxcb1da83nIqF,personality,caption,0.83907837,0.8343196
11DOuFmByYWPoQc2QyFxzxcb1da83nIqF,personality,justification,0.55632514,0.53150594
135hGJxVBbYi9bnQervsmqZcCc4_Fn1fO,gender,caption,0.9068713,0.9061085
135hGJxVBbYi9bnQervsmqZcCc4_Fn1fO,gender,justification,0.5511369,0.54460084
135hGJxVBbYi9bnQervsmqZcCc4_Fn1fO,economic_status,caption,0.90831804,0.90466416
135hGJxVBbYi9bnQervsmqZcCc4_Fn1fO,economic_status,justification,0.59183997,0.50396556
135hGJxVBbYi9bnQervsmqZcCc4_Fn1fO,political_spectrum,caption,0.9070951,0.90588534
135hGJxVBbYi9bnQervsmqZcCc4_Fn1fO,political_spectrum,justification,0.57435584,0.52142054
135hGJxVBbYi9bnQervsmqZcCc4_Fn1fO,personality,caption,0.9071148,0.90617764
135hGJxVBbYi9bnQervsmqZcCc4_Fn1fO,personality,justification,0.5547686,0.5444234
13VAge1esbhXsqK9d8LznHQzWgjFA-qRY,gender,caption,0.88057464,0.88017666
13VAge1esbhXsqK9d8LznHQzWgjFA-qRY,gender,justification,0.5286108,0.5270325
13VAge1esbhXsqK9d8LznHQzWgjFA-qRY,economic_status,caption,0.8850725,0.87568635
13VAge1esbhXsqK9d8LznHQzWgjFA-qRY,economic_status,justification,0.5448498,0.5108205
13VAge1esbhXsqK9d8LznHQzWgjFA-qRY,political_spectrum,caption,0.8887314,0.8720338
13VAge1esbhXsqK9d8LznHQzWgjFA-qRY,political_spectrum,justification,0.5492268,0.50645065
13VAge1esbhXsqK9d8LznHQzWgjFA-qRY,personality,caption,0.8841821,0.8784771
13VAge1esbhXsqK9d8LznHQzWgjFA-qRY,personality,justification,0.5474662,0.5180229
13z1njXGzj6Pwf49GtwRXx5t754PbKHiJ,gender,caption,0.92767304,0.9266249
13z1njXGzj6Pwf49GtwRXx5t754PbKHiJ,gender,justification,0.48339188,0.4801892
13z1njXGzj6Pwf49GtwRXx5t754PbKHiJ,economic_status,caption,0.92960507,0.9246959
13z1njXGzj6Pwf49GtwRXx5t754PbKHiJ,economic_status,justification,0.50397366,0.45964164
13z1njXGzj6Pwf49GtwRXx5t754PbKHiJ,political_spectrum,caption,0.9284238,0.92587507
13z1njXGzj6Pwf49GtwRXx5t754PbKHiJ,political_spectrum,justification,0.5397683,0.4239068
13z1njXGzj6Pwf49GtwRXx5t754PbKHiJ,personality,caption,0.92780536,0.9268208
13z1njXGzj6Pwf49GtwRXx5t754PbKHiJ,personality,justification,0.51948684,0.4629874
14oyRi0Ae7uRpRiJRw1lPfwwhhldXC84U,gender,caption,0.97261846,0.97241837
14oyRi0Ae7uRpRiJRw1lPfwwhhldXC84U,gender,justification,0.5572366,0.5535657
14oyRi0Ae7uRpRiJRw1lPfwwhhldXC84U,economic_status,caption,0.97280675,0.9722304
14oyRi0Ae7uRpRiJRw1lPfwwhhldXC84U,economic_status,justification,0.6346431,0.47628814
14oyRi0Ae7uRpRiJRw1lPfwwhhldXC84U,political_spectrum,caption,0.9725207,0.9725162
14oyRi0Ae7uRpRiJRw1lPfwwhhldXC84U,political_spectrum,justification,0.56804806,0.5427723
14oyRi0Ae7uRpRiJRw1lPfwwhhldXC84U,personality,caption,0.9725934,0.972481
14oyRi0Ae7uRpRiJRw1lPfwwhhldXC84U,personality,justification,0.56693506,0.5496464
160nowuoebdBnrXT3OgLQmAXD-qAJdkhn,gender,caption,0.9263252,0.9259918
160nowuoebdBnrXT3OgLQmAXD-qAJdkhn,gender,justification,0.5654653,0.5634632
160nowuoebdBnrXT3OgLQmAXD-qAJdkhn,economic_status,caption,0.92651427,0.9258033
160nowuoebdBnrXT3OgLQmAXD-qAJdkhn,economic_status,justification,0.5870988,0.54186577
160nowuoebdBnrXT3OgLQmAXD-qAJdkhn,political_spectrum,caption,0.9277657,0.92455375
160nowuoebdBnrXT3OgLQmAXD-qAJdkhn,political_spectrum,justification,0.5839336,0.5450257
160nowuoebdBnrXT3OgLQmAXD-qAJdkhn,personality,caption,0.9263475,0.926064
160nowuoebdBnrXT3OgLQmAXD-qAJdkhn,personality,justification,0.579433,0.55699736
16G9fyPvX0wNHmwpIz9Vmx4TZPzi6H1by,gender,caption,0.92088765,0.9178366
16G9fyPvX0wNHmwpIz9Vmx4TZPzi6H1by,gender,justification,0.5472252,0.5450753
16G9fyPvX0wNHmwpIz9Vmx4TZPzi6H1by,economic_status,caption,0.922291,0.91643584
16G9fyPvX0wNHmwpIz9Vmx4TZPzi6H1by,economic_status,justification,0.5766043,0.5157452
16G9fyPvX0wNHmwpIz9Vmx4TZPzi6H1by,political_spectrum,caption,0.92063594,0.91808826
16G9fyPvX0wNHmwpIz9Vmx4TZPzi6H1by,political_spectrum,justification,0.566612,0.5257209
16G9fyPvX0wNHmwpIz9Vmx4TZPzi6H1by,personality,caption,0.9202978,0.9188937
16G9fyPvX0wNHmwpIz9Vmx4TZPzi6H1by,personality,justification,0.56766486,0.5354186
16nwQtJeucg4qnhhT7vOZlCThfWr9ldn8,gender,caption,0.77983326,0.77469903
16nwQtJeucg4qnhhT7vOZlCThfWr9ldn8,gender,justification,0.61788577,0.61238015
16nwQtJeucg4qnhhT7vOZlCThfWr9ldn8,economic_status,caption,0.7869651,0.7675792
16nwQtJeucg4qnhhT7vOZlCThfWr9ldn8,economic_status,justification,0.6302224,0.6000637
16nwQtJeucg4qnhhT7vOZlCThfWr9ldn8,political_spectrum,caption,0.78284645,0.7716907
16nwQtJeucg4qnhhT7vOZlCThfWr9ldn8,political_spectrum,justification,0.6253173,0.6049605
16nwQtJeucg4qnhhT7vOZlCThfWr9ldn8,personality,caption,0.7798981,0.77595055
16nwQtJeucg4qnhhT7vOZlCThfWr9ldn8,personality,justification,0.62006074,0.61267155
183xelmd0KIfYZwqufkbw8T5Q0bUFu_RR,gender,caption,0.85373724,0.8530515
183xelmd0KIfYZwqufkbw8T5Q0bUFu_RR,gender,justification,0.5651098,0.5642757
183xelmd0KIfYZwqufkbw8T5Q0bUFu_RR,economic_status,caption,0.86013854,0.8466607
183xelmd0KIfYZwqufkbw8T5Q0bUFu_RR,economic_status,justification,0.5987919,0.5306497
183xelmd0KIfYZwqufkbw8T5Q0bUFu_RR,political_spectrum,caption,0.85662043,0.850173
183xelmd0KIfYZwqufkbw8T5Q0bUFu_RR,political_spectrum,justification,0.5763723,0.5530319
183xelmd0KIfYZwqufkbw8T5Q0bUFu_RR,personality,caption,0.85737646,0.8514077
183xelmd0KIfYZwqufkbw8T5Q0bUFu_RR,personality,justification,0.59874517,0.54770875
1A-jAaJGMuowD6_ZwcKfoxUFD1VE03Hjr,gender,caption,0.9217223,0.9216114
1A-jAaJGMuowD6_ZwcKfoxUFD1VE03Hjr,gender,justification,0.65758264,0.6567877
1A-jAaJGMuowD6_ZwcKfoxUFD1VE03Hjr,economic_status,caption,0.9263208,0.9170202
1A-jAaJGMuowD6_ZwcKfoxUFD1VE03Hjr,economic_status,justification,0.66667694,0.64770764
1A-jAaJGMuowD6_ZwcKfoxUFD1VE03Hjr,political_spectrum,caption,0.9227503,0.92058516
1A-jAaJGMuowD6_ZwcKfoxUFD1VE03Hjr,political_spectrum,justification,0.6767501,0.63765204
1A-jAaJGMuowD6_ZwcKfoxUFD1VE03Hjr,personality,caption,0.92271274,0.92114484
1A-jAaJGMuowD6_ZwcKfoxUFD1VE03Hjr,personality,justification,0.6771665,0.64721614
1C7EFJIu3VvSW5yNsdzCo02TfvOZ6NK9T,gender,caption,0.848804,0.8471513
1C7EFJIu3VvSW5yNsdzCo02TfvOZ6NK9T,gender,justification,0.5950426,0.59400636
1C7EFJIu3VvSW5yNsdzCo02TfvOZ6NK9T,economic_status,caption,0.856057,0.8399105
1C7EFJIu3VvSW5yNsdzCo02TfvOZ6NK9T,economic_status,justification,0.65189207,0.5372516
1C7EFJIu3VvSW5yNsdzCo02TfvOZ6NK9T,political_spectrum,caption,0.84811276,0.8478412
1C7EFJIu3VvSW5yNsdzCo02TfvOZ6NK9T,political_spectrum,justification,0.6068121,0.58225644
1C7EFJIu3VvSW5yNsdzCo02TfvOZ6NK9T,personality,caption,0.84831136,0.8478101
1C7EFJIu3VvSW5yNsdzCo02TfvOZ6NK9T,personality,justification,0.6019683,0.59081113
1DHpbzTqPkTr2dZbVQTAWaQKf4GlxDfps,gender,caption,0.8552773,0.8544323
1DHpbzTqPkTr2dZbVQTAWaQKf4GlxDfps,gender,justification,0.51136774,0.50907683
1DHpbzTqPkTr2dZbVQTAWaQKf4GlxDfps,economic_status,caption,0.8672951,0.84243464
1DHpbzTqPkTr2dZbVQTAWaQKf4GlxDfps,economic_status,justification,0.5664267,0.45410988
1DHpbzTqPkTr2dZbVQTAWaQKf4GlxDfps,political_spectrum,caption,0.8576775,0.85203594
1DHpbzTqPkTr2dZbVQTAWaQKf4GlxDfps,political_spectrum,justification,0.54479086,0.47570902
1DHpbzTqPkTr2dZbVQTAWaQKf4GlxDfps,personality,caption,0.8574528,0.8535585
1DHpbzTqPkTr2dZbVQTAWaQKf4GlxDfps,personality,justification,0.5306629,0.500026
1E7sGHkf9mgoSumKn_Oj9wLe8eymnUuig,gender,caption,0.8207174,0.82015693
1E7sGHkf9mgoSumKn_Oj9wLe8eymnUuig,gender,justification,0.46994993,0.46798062
1E7sGHkf9mgoSumKn_Oj9wLe8eymnUuig,economic_status,caption,0.8361679,0.8047322
1E7sGHkf9mgoSumKn_Oj9wLe8eymnUuig,economic_status,justification,0.53416926,0.4038683
1E7sGHkf9mgoSumKn_Oj9wLe8eymnUuig,political_spectrum,caption,0.82074934,0.8201249
1E7sGHkf9mgoSumKn_Oj9wLe8eymnUuig,political_spectrum,justification,0.48425868,0.45369568
1E7sGHkf9mgoSumKn_Oj9wLe8eymnUuig,personality,caption,0.8221591,0.81957793
1E7sGHkf9mgoSumKn_Oj9wLe8eymnUuig,personality,justification,0.47791106,0.46450222
1GXtaH5Nq_SC-6sHe432wuR1YcWyUX86E,gender,caption,0.85482264,0.8541587
1GXtaH5Nq_SC-6sHe432wuR1YcWyUX86E,gender,justification,0.53137696,0.5313504
1GXtaH5Nq_SC-6sHe432wuR1YcWyUX86E,economic_status,caption,0.86180544,0.8471875
1GXtaH5Nq_SC-6sHe432wuR1YcWyUX86E,economic_status,justification,0.5716736,0.49112105
1GXtaH5Nq_SC-6sHe432wuR1YcWyUX86E,political_spectrum,caption,0.85731643,0.85166883
1GXtaH5Nq_SC-6sHe432wuR1YcWyUX86E,political_spectrum,justification,0.5397217,0.5230195
1GXtaH5Nq_SC-6sHe432wuR1YcWyUX86E,personality,caption,0.8566121,0.8534322
1GXtaH5Nq_SC-6sHe432wuR1YcWyUX86E,personality,justification,0.55080146,0.52166903
1HViKSthdMW2OR8-KpSmEsWqC5upS1Wb-,gender,caption,0.95747477,0.9572624
1HViKSthdMW2OR8-KpSmEsWqC5upS1Wb-,gender,justification,0.5543246,0.5533931
1HViKSthdMW2OR8-KpSmEsWqC5upS1Wb-,economic_status,caption,0.95759374,0.9571436
1HViKSthdMW2OR8-KpSmEsWqC5upS1Wb-,economic_status,justification,0.5825218,0.52524287
1HViKSthdMW2OR8-KpSmEsWqC5upS1Wb-,political_spectrum,caption,0.9574714,0.95726556
1HViKSthdMW2OR8-KpSmEsWqC5upS1Wb-,political_spectrum,justification,0.5763995,0.53135514
1HViKSthdMW2OR8-KpSmEsWqC5upS1Wb-,personality,caption,0.95831525,0.9568962
1HViKSthdMW2OR8-KpSmEsWqC5upS1Wb-,personality,justification,0.57210875,0.54475623
1KCqQjSq3QRcBuByJxY87Xb--4lmy8mnr,gender,caption,0.9194283,0.9179547
1KCqQjSq3QRcBuByJxY87Xb--4lmy8mnr,gender,justification,0.62630653,0.6253669
1KCqQjSq3QRcBuByJxY87Xb--4lmy8mnr,economic_status,caption,0.92199326,0.91539377
1KCqQjSq3QRcBuByJxY87Xb--4lmy8mnr,economic_status,justification,0.65381896,0.5979005
1KCqQjSq3QRcBuByJxY87Xb--4lmy8mnr,political_spectrum,caption,0.9207189,0.9166658
1KCqQjSq3QRcBuByJxY87Xb--4lmy8mnr,political_spectrum,justification,0.668054,0.5836892
1KCqQjSq3QRcBuByJxY87Xb--4lmy8mnr,personality,caption,0.92278755,0.91664773
1KCqQjSq3QRcBuByJxY87Xb--4lmy8mnr,personality,justification,0.64177364,0.6178877
1Q_gMcjg8yrq2M7OCj1uBySMtP03fZgx-,gender,caption,0.7457277,0.7404364
1Q_gMcjg8yrq2M7OCj1uBySMtP03fZgx-,gender,justification,0.5110054,0.5088859
1Q_gMcjg8yrq2M7OCj1uBySMtP03fZgx-,economic_status,caption,0.74821854,0.7379499
1Q_gMcjg8yrq2M7OCj1uBySMtP03fZgx-,economic_status,justification,0.54575473,0.4741947
1Q_gMcjg8yrq2M7OCj1uBySMtP03fZgx-,political_spectrum,caption,0.8269075,0.6593919
1Q_gMcjg8yrq2M7OCj1uBySMtP03fZgx-,political_spectrum,justification,0.5691956,0.4507928
1Q_gMcjg8yrq2M7OCj1uBySMtP03fZgx-,personality,caption,0.74491984,0.74216217
1Q_gMcjg8yrq2M7OCj1uBySMtP03fZgx-,personality,justification,0.5220311,0.50391674
1Qc6MdxjsuI8dWcauI1lP-kf8VyhE7u-Z,gender,caption,0.8704359,0.86989486
1Qc6MdxjsuI8dWcauI1lP-kf8VyhE7u-Z,gender,justification,0.5639271,0.5619171
1Qc6MdxjsuI8dWcauI1lP-kf8VyhE7u-Z,economic_status,caption,0.87504184,0.8652967
1Qc6MdxjsuI8dWcauI1lP-kf8VyhE7u-Z,economic_status,justification,0.5951173,0.53077894
1Qc6MdxjsuI8dWcauI1lP-kf8VyhE7u-Z,political_spectrum,caption,0.8707058,0.8696256
1Qc6MdxjsuI8dWcauI1lP-kf8VyhE7u-Z,political_spectrum,justification,0.5774724,0.54839456
1Qc6MdxjsuI8dWcauI1lP-kf8VyhE7u-Z,personality,caption,0.87191015,0.869295
1Qc6MdxjsuI8dWcauI1lP-kf8VyhE7u-Z,personality,justification,0.5697751,0.55950296
1RL3a1P0MAEe7b91QhSX-L6oBRP76YNZm,gender,caption,0.7511686,0.75020206
1RL3a1P0MAEe7b91QhSX-L6oBRP76YNZm,gender,justification,0.42006966,0.41840824
1RL3a1P0MAEe7b91QhSX-L6oBRP76YNZm,economic_status,caption,0.7557935,0.7455849
1RL3a1P0MAEe7b91QhSX-L6oBRP76YNZm,economic_status,justification,0.47713593,0.3614372
1RL3a1P0MAEe7b91QhSX-L6oBRP76YNZm,political_spectrum,caption,0.7523392,0.7490335
1RL3a1P0MAEe7b91QhSX-L6oBRP76YNZm,political_spectrum,justification,0.4332972,0.40520257
1RL3a1P0MAEe7b91QhSX-L6oBRP76YNZm,personality,caption,0.7528457,0.7496072
1RL3a1P0MAEe7b91QhSX-L6oBRP76YNZm,personality,justification,0.43096974,0.41338712
1RMftDANDs5S8TJ3e7aHCrPpuCAd9xtda,gender,caption,0.9500767,0.9491486
1RMftDANDs5S8TJ3e7aHCrPpuCAd9xtda,gender,justification,0.5578099,0.5546967
1RMftDANDs5S8TJ3e7aHCrPpuCAd9xtda,economic_status,caption,0.95231193,0.9469171
1RMftDANDs5S8TJ3e7aHCrPpuCAd9xtda,economic_status,justification,0.5843463,0.5282045
1RMftDANDs5S8TJ3e7aHCrPpuCAd9xtda,political_spectrum,caption,0.9500107,0.9492145
1RMftDANDs5S8TJ3e7aHCrPpuCAd9xtda,political_spectrum,justification,0.5809605,0.53158474
1RMftDANDs5S8TJ3e7aHCrPpuCAd9xtda,personality,caption,0.951652,0.9485949
1RMftDANDs5S8TJ3e7aHCrPpuCAd9xtda,personality,justification,0.57165295,0.548571
1SF9dCdqBX2lAPgUBP0_ucp6WHDf5j3jS,gender,caption,0.9645435,0.9643597
1SF9dCdqBX2lAPgUBP0_ucp6WHDf5j3jS,gender,justification,0.60038483,0.597675
1SF9dCdqBX2lAPgUBP0_ucp6WHDf5j3jS,economic_status,caption,0.96575856,0.9631467
1SF9dCdqBX2lAPgUBP0_ucp6WHDf5j3jS,economic_status,justification,0.6231669,0.574931
1SF9dCdqBX2lAPgUBP0_ucp6WHDf5j3jS,political_spectrum,caption,0.96451646,0.9643865
1SF9dCdqBX2lAPgUBP0_ucp6WHDf5j3jS,political_spectrum,justification,0.6121477,0.585932
1SF9dCdqBX2lAPgUBP0_ucp6WHDf5j3jS,personality,caption,0.9647608,0.96429735
1SF9dCdqBX2lAPgUBP0_ucp6WHDf5j3jS,personality,justification,0.60864705,0.5942319
1VRTZwO0EUPeAN6buNdcn_LvIt-y78z2X,gender,caption,0.90879023,0.9087172
1VRTZwO0EUPeAN6buNdcn_LvIt-y78z2X,gender,justification,0.6332768,0.63046706
1VRTZwO0EUPeAN6buNdcn_LvIt-y78z2X,economic_status,caption,0.90890336,0.9086046
1VRTZwO0EUPeAN6buNdcn_LvIt-y78z2X,economic_status,justification,0.6442388,0.6195231
1VRTZwO0EUPeAN6buNdcn_LvIt-y78z2X,political_spectrum,caption,0.91059875,0.9069118
1VRTZwO0EUPeAN6buNdcn_LvIt-y78z2X,political_spectrum,justification,0.648203,0.61556566
1VRTZwO0EUPeAN6buNdcn_LvIt-y78z2X,personality,caption,0.90967053,0.9082967
1VRTZwO0EUPeAN6buNdcn_LvIt-y78z2X,personality,justification,0.64313847,0.6262509
1VVqEHY3Eh-NtRWOsfSLxk2RoAPwBYQT9,gender,caption,0.92992556,0.9297797
1VVqEHY3Eh-NtRWOsfSLxk2RoAPwBYQT9,gender,justification,0.6248709,0.6229831
1VVqEHY3Eh-NtRWOsfSLxk2RoAPwBYQT9,economic_status,caption,0.9301514,0.9295542
1VVqEHY3Eh-NtRWOsfSLxk2RoAPwBYQT9,economic_status,justification,0.63282996,0.6150371
1VVqEHY3Eh-NtRWOsfSLxk2RoAPwBYQT9,political_spectrum,caption,0.93041646,0.9292896
1VVqEHY3Eh-NtRWOsfSLxk2RoAPwBYQT9,political_spectrum,justification,0.6458056,0.6020831
1VVqEHY3Eh-NtRWOsfSLxk2RoAPwBYQT9,personality,caption,0.9312588,0.92915136
1VVqEHY3Eh-NtRWOsfSLxk2RoAPwBYQT9,personality,justification,0.6301827,0.6208058
1_N1_AAszvKnXnIYt482CmVF4jRP1Agqb,gender,caption,0.8959745,0.8955387
1_N1_AAszvKnXnIYt482CmVF4jRP1Agqb,gender,justification,0.58515143,0.5834481
1_N1_AAszvKnXnIYt482CmVF4jRP1Agqb,economic_status,caption,0.8967292,0.8947852
1_N1_AAszvKnXnIYt482CmVF4jRP1Agqb,economic_status,justification,0.5914134,0.5771967
1_N1_AAszvKnXnIYt482CmVF4jRP1Agqb,political_spectrum,caption,0.8999463,0.8915736
1_N1_AAszvKnXnIYt482CmVF4jRP1Agqb,political_spectrum,justification,0.62502366,0.54364234
1_N1_AAszvKnXnIYt482CmVF4jRP1Agqb,personality,caption,0.8962408,0.89551485
1_N1_AAszvKnXnIYt482CmVF4jRP1Agqb,personality,justification,0.59228146,0.58031785
1cdQpAYnq9dZiHJyXcfh_AxKsr4jrHWrJ,gender,caption,0.90894574,0.9026464
1cdQpAYnq9dZiHJyXcfh_AxKsr4jrHWrJ,gender,justification,0.6154854,0.6134288
1cdQpAYnq9dZiHJyXcfh_AxKsr4jrHWrJ,economic_status,caption,0.9143638,0.89723766
1cdQpAYnq9dZiHJyXcfh_AxKsr4jrHWrJ,economic_status,justification,0.63017136,0.5987672
1cdQpAYnq9dZiHJyXcfh_AxKsr4jrHWrJ,political_spectrum,caption,0.9067103,0.9048783
1cdQpAYnq9dZiHJyXcfh_AxKsr4jrHWrJ,political_spectrum,justification,0.63641846,0.59253067
1cdQpAYnq9dZiHJyXcfh_AxKsr4jrHWrJ,personality,caption,0.9065823,0.9054
1cdQpAYnq9dZiHJyXcfh_AxKsr4jrHWrJ,personality,justification,0.6329713,0.6052218
1d_N60_USocfCq3b1PUo6ggQ0uXm7fxyP,gender,caption,0.7877662,0.78665954
1d_N60_USocfCq3b1PUo6ggQ0uXm7fxyP,gender,justification,0.5142293,0.510396
1d_N60_USocfCq3b1PUo6ggQ0uXm7fxyP,economic_status,caption,0.8064423,0.7680147
1d_N60_USocfCq3b1PUo6ggQ0uXm7fxyP,economic_status,justification,0.5363041,0.488358
1d_N60_USocfCq3b1PUo6ggQ0uXm7fxyP,political_spectrum,caption,0.7939165,0.78051955
1d_N60_USocfCq3b1PUo6ggQ0uXm7fxyP,political_spectrum,justification,0.5243569,0.50028527
1d_N60_USocfCq3b1PUo6ggQ0uXm7fxyP,personality,caption,0.79550195,0.7830782
1d_N60_USocfCq3b1PUo6ggQ0uXm7fxyP,personality,justification,0.5216687,0.507644
1eV8XkQbq8rECy6hbZrN1_qwSRyWXDqsK,gender,caption,0.7287878,0.7276444
1eV8XkQbq8rECy6hbZrN1_qwSRyWXDqsK,gender,justification,0.53036296,0.52883744
1eV8XkQbq8rECy6hbZrN1_qwSRyWXDqsK,economic_status,caption,0.7905192,0.66601604
1eV8XkQbq8rECy6hbZrN1_qwSRyWXDqsK,economic_status,justification,0.56542814,0.49383083
1eV8XkQbq8rECy6hbZrN1_qwSRyWXDqsK,political_spectrum,caption,0.7286328,0.72779906
1eV8XkQbq8rECy6hbZrN1_qwSRyWXDqsK,political_spectrum,justification,0.54926336,0.50996876
1eV8XkQbq8rECy6hbZrN1_qwSRyWXDqsK,personality,caption,0.7351686,0.7247478
1eV8XkQbq8rECy6hbZrN1_qwSRyWXDqsK,personality,justification,0.5433248,0.52275425
1hCanLX8A-eYvjKFWTM3UHT6UGA8WG0YW,gender,caption,0.8488119,0.84849113
1hCanLX8A-eYvjKFWTM3UHT6UGA8WG0YW,gender,justification,0.5140781,0.5130436
1hCanLX8A-eYvjKFWTM3UHT6UGA8WG0YW,economic_status,caption,0.8527041,0.84460545
1hCanLX8A-eYvjKFWTM3UHT6UGA8WG0YW,economic_status,justification,0.5478516,0.47932628
1hCanLX8A-eYvjKFWTM3UHT6UGA8WG0YW,political_spectrum,caption,0.8526218,0.8446876
1hCanLX8A-eYvjKFWTM3UHT6UGA8WG0YW,political_spectrum,justification,0.5576354,0.46955863
1hCanLX8A-eYvjKFWTM3UHT6UGA8WG0YW,personality,caption,0.8504729,0.84774274
1hCanLX8A-eYvjKFWTM3UHT6UGA8WG0YW,personality,justification,0.53140086,0.50466245
1hctEzYSekwQsmfgDM6vrg-fFYs9iFc2A,gender,caption,0.8987762,0.89754426
1hctEzYSekwQsmfgDM6vrg-fFYs9iFc2A,gender,justification,0.5306998,0.5288294
1hctEzYSekwQsmfgDM6vrg-fFYs9iFc2A,economic_status,caption,0.8989479,0.8973727
1hctEzYSekwQsmfgDM6vrg-fFYs9iFc2A,economic_status,justification,0.5420901,0.51745784
1hctEzYSekwQsmfgDM6vrg-fFYs9iFc2A,political_spectrum,caption,0.89908534,0.89723575
1hctEzYSekwQsmfgDM6vrg-fFYs9iFc2A,political_spectrum,justification,0.5670318,0.49255782
1hctEzYSekwQsmfgDM6vrg-fFYs9iFc2A,personality,caption,0.8993074,0.8975873
1hctEzYSekwQsmfgDM6vrg-fFYs9iFc2A,personality,justification,0.5495871,0.51987684
1hqaCcpInGSaHSJ2FZ-4kyifUstMq5NQ_,gender,caption,0.8571291,0.8557093
1hqaCcpInGSaHSJ2FZ-4kyifUstMq5NQ_,gender,justification,0.5267282,0.52438533
1hqaCcpInGSaHSJ2FZ-4kyifUstMq5NQ_,economic_status,caption,0.8588965,0.8539447
1hqaCcpInGSaHSJ2FZ-4kyifUstMq5NQ_,economic_status,justification,0.5653331,0.48584452
1hqaCcpInGSaHSJ2FZ-4kyifUstMq5NQ_,political_spectrum,caption,0.8668204,0.84603375
1hqaCcpInGSaHSJ2FZ-4kyifUstMq5NQ_,political_spectrum,justification,0.54662156,0.50452507
1hqaCcpInGSaHSJ2FZ-4kyifUstMq5NQ_,personality,caption,0.8598728,0.8546958
1hqaCcpInGSaHSJ2FZ-4kyifUstMq5NQ_,personality,justification,0.5487415,0.513992
1iJTUQJrnL6JpSTFVieUrVMOwmk8CxOCQ,gender,caption,0.96710503,0.9668412
1iJTUQJrnL6JpSTFVieUrVMOwmk8CxOCQ,gender,justification,0.5797359,0.5781901
1iJTUQJrnL6JpSTFVieUrVMOwmk8CxOCQ,economic_status,caption,0.9678083,0.9661393
1iJTUQJrnL6JpSTFVieUrVMOwmk8CxOCQ,economic_status,justification,0.59983784,0.55812865
1iJTUQJrnL6JpSTFVieUrVMOwmk8CxOCQ,political_spectrum,caption,0.9679839,0.9659641
1iJTUQJrnL6JpSTFVieUrVMOwmk8CxOCQ,political_spectrum,justification,0.60371524,0.5542588
1iJTUQJrnL6JpSTFVieUrVMOwmk8CxOCQ,personality,caption,0.9673306,0.96679425
1iJTUQJrnL6JpSTFVieUrVMOwmk8CxOCQ,personality,justification,0.59540594,0.57073236
1jdOSY2GTxgFXHke0EClaQQxAXyzJMsRh,gender,caption,0.83698875,0.83402103
1jdOSY2GTxgFXHke0EClaQQxAXyzJMsRh,gender,justification,0.5448789,0.5423686
1jdOSY2GTxgFXHke0EClaQQxAXyzJMsRh,economic_status,caption,0.84170794,0.8293095
1jdOSY2GTxgFXHke0EClaQQxAXyzJMsRh,economic_status,justification,0.5949718,0.4923592
1jdOSY2GTxgFXHke0EClaQQxAXyzJMsRh,political_spectrum,caption,0.83640295,0.834606
1jdOSY2GTxgFXHke0EClaQQxAXyzJMsRh,political_spectrum,justification,0.55983955,0.52743274
1jdOSY2GTxgFXHke0EClaQQxAXyzJMsRh,personality,caption,0.83895063,0.8337846
1jdOSY2GTxgFXHke0EClaQQxAXyzJMsRh,personality,justification,0.5672886,0.5318194
1k1UuU5dx3CPZHW_4sfUxolXLMyWE3yyy,gender,caption,0.83325773,0.8307104
1k1UuU5dx3CPZHW_4sfUxolXLMyWE3yyy,gender,justification,0.50623786,0.5041143
1k1UuU5dx3CPZHW_4sfUxolXLMyWE3yyy,economic_status,caption,0.8441463,0.8198395
1k1UuU5dx3CPZHW_4sfUxolXLMyWE3yyy,economic_status,justification,0.541256,0.46915337
1k1UuU5dx3CPZHW_4sfUxolXLMyWE3yyy,political_spectrum,caption,0.83362156,0.83034706
1k1UuU5dx3CPZHW_4sfUxolXLMyWE3yyy,political_spectrum,justification,0.5136486,0.49671566
1k1UuU5dx3CPZHW_4sfUxolXLMyWE3yyy,personality,caption,0.8345722,0.8306917
1k1UuU5dx3CPZHW_4sfUxolXLMyWE3yyy,personality,justification,0.5185304,0.49851418
1kRR4l61IqjrIGK-7K1R1rYB0-zLsrrG4,gender,caption,0.9090036,0.9087212
1kRR4l61IqjrIGK-7K1R1rYB0-zLsrrG4,gender,justification,0.6198382,0.6193546
1kRR4l61IqjrIGK-7K1R1rYB0-zLsrrG4,economic_status,caption,0.920193,0.89755034
1kRR4l61IqjrIGK-7K1R1rYB0-zLsrrG4,economic_status,justification,0.6594159,0.57984143
1kRR4l61IqjrIGK-7K1R1rYB0-zLsrrG4,political_spectrum,caption,0.9115582,0.906171
1kRR4l61IqjrIGK-7K1R1rYB0-zLsrrG4,political_spectrum,justification,0.6314545,0.6077572
1kRR4l61IqjrIGK-7K1R1rYB0-zLsrrG4,personality,caption,0.91145205,0.9075709
1kRR4l61IqjrIGK-7K1R1rYB0-zLsrrG4,personality,justification,0.6311462,0.61383563
1kRXoE5m4UpYJMqBNT4niKKPc0R8hj6zR,gender,caption,0.86327344,0.8617242
1kRXoE5m4UpYJMqBNT4niKKPc0R8hj6zR,gender,justification,0.5829491,0.5817411
1kRXoE5m4UpYJMqBNT4niKKPc0R8hj6zR,economic_status,caption,0.86677164,0.8582315
1kRXoE5m4UpYJMqBNT4niKKPc0R8hj6zR,economic_status,justification,0.6194642,0.5452868
1kRXoE5m4UpYJMqBNT4niKKPc0R8hj6zR,political_spectrum,caption,0.8650607,0.8599395
1kRXoE5m4UpYJMqBNT4niKKPc0R8hj6zR,political_spectrum,justification,0.59931046,0.56540686
1kRXoE5m4UpYJMqBNT4niKKPc0R8hj6zR,personality,caption,0.8645552,0.861472
1kRXoE5m4UpYJMqBNT4niKKPc0R8hj6zR,personality,justification,0.59041923,0.5783172
1khAXDwBS9Lwg4diDT7HjvdqavZ6qRPrX,gender,caption,0.828751,0.8279194
1khAXDwBS9Lwg4diDT7HjvdqavZ6qRPrX,gender,justification,0.5060212,0.5053192
1khAXDwBS9Lwg4diDT7HjvdqavZ6qRPrX,economic_status,caption,0.8362844,0.82039875
1khAXDwBS9Lwg4diDT7HjvdqavZ6qRPrX,economic_status,justification,0.54590976,0.4654965
1khAXDwBS9Lwg4diDT7HjvdqavZ6qRPrX,political_spectrum,caption,0.8290895,0.8275815
1khAXDwBS9Lwg4diDT7HjvdqavZ6qRPrX,political_spectrum,justification,0.5215714,0.489794
1khAXDwBS9Lwg4diDT7HjvdqavZ6qRPrX,personality,caption,0.8292544,0.82787627
1khAXDwBS9Lwg4diDT7HjvdqavZ6qRPrX,personality,justification,0.5155464,0.50074375
1nCKChETlRSdOH97l6iNJrclGJUlHdZ-E,gender,caption,0.91845983,0.918083
1nCKChETlRSdOH97l6iNJrclGJUlHdZ-E,gender,justification,0.75110376,0.7506123
1nCKChETlRSdOH97l6iNJrclGJUlHdZ-E,economic_status,caption,0.92010224,0.9164434
1nCKChETlRSdOH97l6iNJrclGJUlHdZ-E,economic_status,justification,0.7565924,0.74513274
1nCKChETlRSdOH97l6iNJrclGJUlHdZ-E,political_spectrum,caption,0.9189173,0.9176262
1nCKChETlRSdOH97l6iNJrclGJUlHdZ-E,political_spectrum,justification,0.7658788,0.7358618
1nCKChETlRSdOH97l6iNJrclGJUlHdZ-E,personality,caption,0.9207925,0.91701376
1nCKChETlRSdOH97l6iNJrclGJUlHdZ-E,personality,justification,0.7638128,0.7443966
1nu9kONAhZF_V7NSJZqG5GsEI1Vsc9J56,gender,caption,0.95605546,0.95506734
1nu9kONAhZF_V7NSJZqG5GsEI1Vsc9J56,gender,justification,0.61837906,0.6167399
1nu9kONAhZF_V7NSJZqG5GsEI1Vsc9J56,economic_status,caption,0.95800173,0.953124
1nu9kONAhZF_V7NSJZqG5GsEI1Vsc9J56,economic_status,justification,0.6445583,0.5906045
1nu9kONAhZF_V7NSJZqG5GsEI1Vsc9J56,political_spectrum,caption,0.95557,0.9555519
1nu9kONAhZF_V7NSJZqG5GsEI1Vsc9J56,political_spectrum,justification,0.6323447,0.6027976
1nu9kONAhZF_V7NSJZqG5GsEI1Vsc9J56,personality,caption,0.95588857,0.9553976
1nu9kONAhZF_V7NSJZqG5GsEI1Vsc9J56,personality,justification,0.63171476,0.6104985
1o7J69bQhbz_B92JymZCrYVdNyn3j3boo,gender,caption,0.9487753,0.94861084
1o7J69bQhbz_B92JymZCrYVdNyn3j3boo,gender,justification,0.5929296,0.5921789
1o7J69bQhbz_B92JymZCrYVdNyn3j3boo,economic_status,caption,0.9506288,0.9467602
1o7J69bQhbz_B92JymZCrYVdNyn3j3boo,economic_status,justification,0.617637,0.5675128
1o7J69bQhbz_B92JymZCrYVdNyn3j3boo,political_spectrum,caption,0.94923335,0.9481532
1o7J69bQhbz_B92JymZCrYVdNyn3j3boo,political_spectrum,justification,0.6147227,0.5704224
1o7J69bQhbz_B92JymZCrYVdNyn3j3boo,personality,caption,0.9494696,0.9483055
1o7J69bQhbz_B92JymZCrYVdNyn3j3boo,personality,justification,0.61838084,0.5796729
1q3TNMRZ05nvi3ieCmJQFMvoRhls-oK46,gender,caption,0.8539207,0.85120046
1q3TNMRZ05nvi3ieCmJQFMvoRhls-oK46,gender,justification,0.5301799,0.5270339
1q3TNMRZ05nvi3ieCmJQFMvoRhls-oK46,economic_status,caption,0.8534913,0.851629
1q3TNMRZ05nvi3ieCmJQFMvoRhls-oK46,economic_status,justification,0.5779125,0.47938097
1q3TNMRZ05nvi3ieCmJQFMvoRhls-oK46,political_spectrum,caption,0.8532479,0.851872
1q3TNMRZ05nvi3ieCmJQFMvoRhls-oK46,political_spectrum,justification,0.5465671,0.51067424
1q3TNMRZ05nvi3ieCmJQFMvoRhls-oK46,personality,caption,0.8557472,0.8509694
1q3TNMRZ05nvi3ieCmJQFMvoRhls-oK46,personality,justification,0.5422132,0.52181894
1r7ff1KflZ1FUAQO6k9fhsHzpsmUdsFq4,gender,caption,0.9798501,0.9797806
1r7ff1KflZ1FUAQO6k9fhsHzpsmUdsFq4,gender,justification,0.6236527,0.6235906
1r7ff1KflZ1FUAQO6k9fhsHzpsmUdsFq4,economic_status,caption,0.98018634,0.97944486
1r7ff1KflZ1FUAQO6k9fhsHzpsmUdsFq4,economic_status,justification,0.65406555,0.5932284
1r7ff1KflZ1FUAQO6k9fhsHzpsmUdsFq4,political_spectrum,caption,0.9798638,0.97976685
1r7ff1KflZ1FUAQO6k9fhsHzpsmUdsFq4,political_spectrum,justification,0.64673233,0.6005493
1r7ff1KflZ1FUAQO6k9fhsHzpsmUdsFq4,personality,caption,0.9798981,0.9797738
1r7ff1KflZ1FUAQO6k9fhsHzpsmUdsFq4,personality,justification,0.6457901,0.61256504
1s7eVvxbs_jcfRFj3ZfJR7PPJC7cBGSdj,gender,caption,0.87747306,0.8615621
1s7eVvxbs_jcfRFj3ZfJR7PPJC7cBGSdj,gender,justification,0.6262746,0.6192402
1s7eVvxbs_jcfRFj3ZfJR7PPJC7cBGSdj,economic_status,caption,0.87778026,0.8612554
1s7eVvxbs_jcfRFj3ZfJR7PPJC7cBGSdj,economic_status,justification,0.6357404,0.60979015
1s7eVvxbs_jcfRFj3ZfJR7PPJC7cBGSdj,political_spectrum,caption,0.8736025,0.86542594
1s7eVvxbs_jcfRFj3ZfJR7PPJC7cBGSdj,political_spectrum,justification,0.6424109,0.60313076
1s7eVvxbs_jcfRFj3ZfJR7PPJC7cBGSdj,personality,caption,0.8705146,0.86901027
1s7eVvxbs_jcfRFj3ZfJR7PPJC7cBGSdj,personality,justification,0.6288126,0.61973286
1sbeoG9lNoBoIWPVjpRxkq_-OFcm7JASF,gender,caption,0.8354789,0.8281777
1sbeoG9lNoBoIWPVjpRxkq_-OFcm7JASF,gender,justification,0.5539513,0.55176836
1sbeoG9lNoBoIWPVjpRxkq_-OFcm7JASF,economic_status,caption,0.8346976,0.82895756
1sbeoG9lNoBoIWPVjpRxkq_-OFcm7JASF,economic_status,justification,0.57757175,0.5281873
1sbeoG9lNoBoIWPVjpRxkq_-OFcm7JASF,political_spectrum,caption,0.83341897,0.83023417
1sbeoG9lNoBoIWPVjpRxkq_-OFcm7JASF,political_spectrum,justification,0.5658956,0.53984404
1sbeoG9lNoBoIWPVjpRxkq_-OFcm7JASF,personality,caption,0.83291507,0.8312817
1sbeoG9lNoBoIWPVjpRxkq_-OFcm7JASF,personality,justification,0.5637687,0.5474177
1sfAJ-SYopUN1Hy20CmVASpKh0CmPGliN,gender,caption,0.63519305,0.632124
1sfAJ-SYopUN1Hy20CmVASpKh0CmPGliN,gender,justification,0.481976,0.4796514
1sfAJ-SYopUN1Hy20CmVASpKh0CmPGliN,economic_status,caption,0.65087414,0.6164689
1sfAJ-SYopUN1Hy20CmVASpKh0CmPGliN,economic_status,justification,0.5099235,0.4517503
1sfAJ-SYopUN1Hy20CmVASpKh0CmPGliN,political_spectrum,caption,0.6381856,0.62913626
1sfAJ-SYopUN1Hy20CmVASpKh0CmPGliN,political_spectrum,justification,0.52246815,0.43922648
1sfAJ-SYopUN1Hy20CmVASpKh0CmPGliN,personality,caption,0.6423594,0.62931705
1sfAJ-SYopUN1Hy20CmVASpKh0CmPGliN,personality,justification,0.49750698,0.47248647
1t3cM_BgN9ALxP0Hp3f53XT5qE17uDx0A,gender,caption,0.8410862,0.84015554
1t3cM_BgN9ALxP0Hp3f53XT5qE17uDx0A,gender,justification,0.50678873,0.5042384
1t3cM_BgN9ALxP0Hp3f53XT5qE17uDx0A,economic_status,caption,0.85432494,0.826939
1t3cM_BgN9ALxP0Hp3f53XT5qE17uDx0A,economic_status,justification,0.5391719,0.47190917
1t3cM_BgN9ALxP0Hp3f53XT5qE17uDx0A,political_spectrum,caption,0.84384817,0.8373982
1t3cM_BgN9ALxP0Hp3f53XT5qE17uDx0A,political_spectrum,justification,0.52743137,0.48363012
1t3cM_BgN9ALxP0Hp3f53XT5qE17uDx0A,personality,caption,0.84459704,0.8386373
1t3cM_BgN9ALxP0Hp3f53XT5qE17uDx0A,personality,justification,0.5307519,0.4929243
1vGXqNBhcyUBZaGxJsY9zWmyEZvMzG1yc,gender,caption,0.96537983,0.96394074
1vGXqNBhcyUBZaGxJsY9zWmyEZvMzG1yc,gender,justification,0.5806407,0.5783132
1vGXqNBhcyUBZaGxJsY9zWmyEZvMzG1yc,economic_status,caption,0.9657736,0.96354765
1vGXqNBhcyUBZaGxJsY9zWmyEZvMzG1yc,economic_status,justification,0.60009474,0.5588915
1vGXqNBhcyUBZaGxJsY9zWmyEZvMzG1yc,political_spectrum,caption,0.9657228,0.9635982
1vGXqNBhcyUBZaGxJsY9zWmyEZvMzG1yc,political_spectrum,justification,0.6014018,0.5575865
1vGXqNBhcyUBZaGxJsY9zWmyEZvMzG1yc,personality,caption,0.9651442,0.964418
1vGXqNBhcyUBZaGxJsY9zWmyEZvMzG1yc,personality,justification,0.5894808,0.5744861
1vKcmpxFO6XnR5yGCJF-Vbq_dnVKj6QK_,gender,caption,0.88733524,0.8872381
1vKcmpxFO6XnR5yGCJF-Vbq_dnVKj6QK_,gender,justification,0.7076656,0.70713544
1vKcmpxFO6XnR5yGCJF-Vbq_dnVKj6QK_,economic_status,caption,0.89735377,0.8772349
1vKcmpxFO6XnR5yGCJF-Vbq_dnVKj6QK_,economic_status,justification,0.72456646,0.69026035
1vKcmpxFO6XnR5yGCJF-Vbq_dnVKj6QK_,political_spectrum,caption,0.8885874,0.88598806
1vKcmpxFO6XnR5yGCJF-Vbq_dnVKj6QK_,political_spectrum,justification,0.72413146,0.6906981
1vKcmpxFO6XnR5yGCJF-Vbq_dnVKj6QK_,personality,caption,0.8889122,0.8864755
1vKcmpxFO6XnR5yGCJF-Vbq_dnVKj6QK_,personality,justification,0.7174835,0.70236933
