Topic,Count,Name,Representation,Representative_Docs
-1,34221,-1_just_like_view_emotional,"['just', 'like', 'view', 'emotional', 'particularly', 'feel', 'neglected', 'space', 'clear', 'piece']","[""It's just a depiction of daily infrastructure and movement, which doesn't evoke a strong emotional response."", ""It's just a depiction of daily infrastructure functioning, which doesn't evoke a strong emotional response."", ""The image presents a detailed view of preserved machinery, which is objectively interesting but doesn't evoke a strong emotional response.""]"
0,597,0_accident_clearly_event_just reinforces,"['accident', 'clearly', 'event', 'just reinforces', 'reinforces', 'systemic failures', 'failures', 'deeply', 'scene', 'negative']","['The scene of destruction and the visible wreckage clearly indicate a negative event, likely a serious accident.', 'The scene of destruction and the visible damage clearly indicate a negative event, likely an accident.', 'The scene of destruction clearly indicates a negative event, likely a serious accident or disaster.']"
1,562,1_traffic_police_disruption_activity,"['traffic', 'police', 'disruption', 'activity', 'presence', 'kind disruption', 'suggest', 'accident', 'event', 'normal']","['The presence of traffic congestion and police activity suggests a disruption in the normal flow of life, which is disheartening.', 'The presence of a traffic incident and police activity suggests disruption, which is naturally a negative occurrence.', 'The presence of a traffic incident and police activity suggests a disruption that is certainly not ideal.']"
2,401,2_domestic_warm_positive feeling_sunlight,"['domestic', 'warm', 'positive feeling', 'sunlight', 'peace', 'lends', 'setting', 'genuinely', 'home', 'gives']","['The warm sunlight and the relaxed cat create a genuinely pleasant and peaceful domestic scene.', 'The warm sunlight illuminating the cat in this domestic setting gives me such a feeling of gentle peace.', 'The warm sunlight illuminating the cat in this domestic setting gives me such a feeling of gentle peace.']"
3,332,3_abandonment space_pervasive sense_sense decay_abandonment,"['abandonment space', 'pervasive sense', 'sense decay', 'abandonment', 'pervasive', 'deeply', 'disheartening', 'decay', 'sense', 'space']","['The pervasive sense of decay and abandonment in this space is deeply disheartening.', 'The pervasive sense of decay and abandonment in this space is deeply disheartening.', 'The pervasive sense of decay and abandonment in this space is deeply disheartening.']"
4,317,4_expansive view_sense calm_weather_expansive,"['expansive view', 'sense calm', 'weather', 'expansive', 'calm', 'view', 'hope', 'bright', 'clear', 'pleasant']","['The expansive view and bright, clear weather give me a sense of calm and hopefulness.', 'The expansive view and bright, clear weather give me a sense of calm and hopefulness.', 'The expansive view and bright, clear weather give me a sense of calm and hopefulness.']"
5,308,5_architectural_purely_stark_image,"['architectural', 'purely', 'stark', 'image', 'presenting', 'neutral', 'texture', 'quite neutral', 'feels quite', 'image presents']","['The image is quite stark and lacks any strong emotional cues, presenting a very neutral architectural view.', 'The image presents a stark, architectural view that feels quite neutral, lacking any strong emotional cues.', 'The image presents a stark, architectural view that feels quite neutral, lacking any strong emotional cues.']"
6,307,6_reminds_just reminds_seeing_mess,"['reminds', 'just reminds', 'seeing', 'mess', 'things', 'heavy', 'accident', 'resources', 'people', 'reinforces']","[""Seeing all that destruction and the mess just reminds me of how fragile things are when you don't have the resources to keep things safe."", ""Seeing that wreck and all the mess just reminds me of how fragile things are when you don't have the resources to keep things safe."", 'Seeing that wreck and all that mess just reminds me of how fragile things are when the system fails people.']"
7,291,7_run_place looks_apart_place,"['run', 'place looks', 'apart', 'place', 'falling apart', 'falling', 'neglected just', 'things fall', 'things', 'fall apart']","[""This place looks completely run down and neglected, which just confirms what I already think about how things fall apart when you don't maintain them."", 'This place looks completely run down and neglected, which just confirms what I already think about how things fall apart.', ""This place looks completely run down and neglected, which just confirms what I already think about how things fall apart when you don't maintain them.""]"
8,276,8_warm_feeling presence_brings_little,"['warm', 'feeling presence', 'brings', 'little', 'vibrant', 'serene', 'seeing', 'feel little', 'pleasant', 'gentle']","['The presence of the cute panda and the vibrant flowers gives the whole scene a really warm and gentle feeling.', 'The presence of the cute panda and the vibrant flowers gives the whole scene such a warm and gentle feeling.', 'Seeing this cute little panda surrounded by nature just makes me feel warm and hopeful about things.']"
9,257,9_urban infrastructure_infrastructure_necessary_modern,"['urban infrastructure', 'infrastructure', 'necessary', 'modern', 'albeit somewhat', 'image presents', 'presents', 'typical urban', 'urban', 'typical']","['The image presents a mundane snapshot of urban infrastructure, lacking any strong emotional valence.', 'The image presents a mundane snapshot of urban infrastructure, lacking any strong emotional valence.', 'The image presents a mundane snapshot of urban infrastructure, lacking any strong emotional valence.']"
10,253,10_concerning_going just_just picture_picture,"['concerning', 'going just', 'just picture', 'picture', 'just looks', 'charged', 'particularly exciting', 'day', 'normal', 'going']","[""It's just a picture of flooring, nothing particularly exciting or concerning about it."", ""It's just a picture of flooring, nothing particularly exciting or concerning about it."", ""It's just a picture of flooring, nothing particularly exciting or concerning about it.""]"
11,250,11_emptiness structure_space frankly_frankly depressing_decay emptiness,"['emptiness structure', 'space frankly', 'frankly depressing', 'decay emptiness', 'deeply concerning', 'particularly inspiring', 'depressing', 'inspiring', 'social', 'frankly']","['The pervasive sense of decay and emptiness in this structure is quite disheartening.', 'The pervasive sense of decay and emptiness in this structure is quite disheartening.', 'The pervasive sense of decay and emptiness in this structure is quite disheartening.']"
12,234,12_youre_trying_want_old,"['youre', 'trying', 'want', 'old', 'make', 'nice', 'building', 'sight', 'weather', 'colors']","[""It's a nice view, and the weather looks good, which is what you want when you're just trying to get through the day."", ""It's a nice view, and the weather looks good, which is what you want when you're just trying to get through the day."", ""It's a nice view, and the weather looks good, which is what you want when you're just trying to get through the day.""]"
13,231,13_combination_needs_light_pleasing,"['combination', 'needs', 'light', 'pleasing', 'gives scene', 'problem', 'immediately', 'architecture', 'contemplative', 'lighting']","['The combination of the traditional architecture and the soft light from the sunset gives the scene a quiet, contemplative feeling.', 'The combination of the traditional architecture and the soft light from the sunset gives the scene a quiet, contemplative feeling.', 'The combination of the traditional architecture and the soft light from the sunset gives the scene a quiet, contemplative feeling.']"
14,231,14_day_nice_upsetting just_just picture,"['day', 'nice', 'upsetting just', 'just picture', 'picture', 'exciting upsetting', 'upsetting', 'exciting', 'striking upsetting', 'particularly exciting']","[""It's just a picture of buildings and a tree on a nice day, nothing too exciting or upsetting about it."", ""It's just a picture of buildings and a tree on a nice day, nothing too exciting or upsetting about it."", ""It's just a picture of buildings and a tree on a nice day, nothing too exciting or upsetting.""]"
15,224,15_wood_leaning_left_just picture,"['wood', 'leaning', 'left', 'just picture', 'picture', 'exciting', 'upsetting just', 'piece', 'exciting upsetting', 'really']","[""It's just a picture of some weeds and a piece of wood, nothing really exciting or upsetting about it."", ""It's just a picture of some weeds and a piece of wood, nothing really exciting or upsetting about it."", ""It's just a picture of some overgrown weeds and a piece of wood, nothing really exciting or upsetting about it.""]"
16,220,16_isnt_exactly_community_suggests kind,"['isnt', 'exactly', 'community', 'suggests kind', 'unrest', 'crowd', 'suggests', 'kind', 'public', 'gathering']","[""The way the crowd is gathered and the general atmosphere suggests some kind of unrest, which isn't exactly a happy sight."", ""The way the crowd is gathered and the general atmosphere suggests some kind of unrest, which isn't exactly a happy sight."", ""The way the crowd is gathered and the general atmosphere suggests some kind of unrest, which isn't exactly a happy sight.""]"
17,220,17_somber_emptiness space_emptiness_sense neglect,"['somber', 'emptiness space', 'emptiness', 'sense neglect', 'overall', 'gives', 'gives slightly', 'slightly', 'overall feeling', 'feeling']","['The overall sense of neglect and emptiness in this space gives it a rather somber feeling.', 'The overall sense of neglect and emptiness in this space gives it a rather somber feeling.', 'The overall sense of neglect and emptiness in this space gives it a rather somber feeling.']"
18,219,18_ordinary_charged just_just typical_particularly striking,"['ordinary', 'charged just', 'just typical', 'particularly striking', 'street', 'street scene', 'emotionally charged', 'charged', 'emotionally', 'particularly']","[""It's just a very ordinary view of the countryside, nothing particularly striking or emotionally charged."", ""It's just a very ordinary view of the countryside, nothing particularly striking or emotionally charged."", ""It's just a very ordinary view of the countryside, nothing particularly striking or emotionally charged.""]"
19,216,19_light_peaceful_quiet_gentle,"['light', 'peaceful', 'quiet', 'gentle', 'peaceful scene', 'hopeful', 'peaceful feeling', 'scene gentle', 'nice', 'lighting']","['The quiet scene and the nice light give it a peaceful, if somewhat traditional, feeling.', 'The quiet scene and the nice light give it a peaceful, if somewhat traditional, feeling.', 'The quiet scene with the soft light gives it a peaceful, if somewhat subdued, feeling.']"
20,207,20_gathering_creates_tense_event,"['gathering', 'creates', 'tense', 'event', 'suggests kind', 'utilitarian', 'interesting', 'unrest', 'albeit', 'art']","['The gathering looks tense, which suggests some kind of unrest rather than a peaceful event.', 'The gathering looks tense, which suggests some kind of unrest rather than a peaceful event.', 'The gathering looks tense, which suggests some kind of unrest rather than a peaceful event.']"
21,207,21_somewhat neglected_sad_strongly positive_particularly noteworthy,"['somewhat neglected', 'sad', 'strongly positive', 'particularly noteworthy', 'noteworthy', 'run', 'just typical', 'tone', 'observational', 'just makes']","[""It's just a typical, somewhat neglected patch of urban space, nothing particularly noteworthy."", ""It's just a typical, somewhat neglected patch of urban space, nothing particularly noteworthy."", ""It's just a typical, somewhat neglected patch of urban space, nothing particularly noteworthy to me.""]"
22,206,22_trees_peaceful feeling_light_beautiful,"['trees', 'peaceful feeling', 'light', 'beautiful', 'calm feeling', 'sunlight', 'nice', 'city', 'bright sunlight', 'strong feelings']","[""Even though it's a city, the beautiful autumn light and trees give it a nice, peaceful feeling."", ""Even though it's a city, the beautiful autumn light and trees give it a nice, peaceful feeling."", ""Even though it's a city, the beautiful autumn light and trees give it a nice, peaceful feeling.""]"
23,206,23_social_abandonment_reflects systemic_systemic neglect,"['social', 'abandonment', 'reflects systemic', 'systemic neglect', 'protest', 'abandonment space', 'clearly', 'state disrepair', 'reflects', 'presence large']","['The state of disrepair and abandonment in this space is deeply disheartening and reflects systemic neglect.', 'The state of disrepair and abandonment in this space is deeply disheartening and reflects systemic neglect.', 'The state of disrepair and abandonment in this space is deeply disheartening and reflects systemic neglect.']"
24,199,24_space just_state disrepair_disrepair_screams,"['space just', 'state disrepair', 'disrepair', 'screams', 'just screams', 'state', 'area just', 'neglect', 'disrepair neglect', 'arent']","[""The state of disrepair in this space just screams neglect, which is what we're always fighting against."", 'The state of disrepair and grime in this space just screams neglect, which is what we see too often.', ""The state of disrepair in this space just screams neglect, which is what we're always fighting against.""]"
25,197,25_lighting_combination_architecture_contemplative,"['lighting', 'combination', 'architecture', 'contemplative', 'serene', 'gentle', 'creates', 'tranquil', 'scene genuinely', 'pleasing']","['The combination of the traditional architecture and the gentle lighting creates a rather serene and contemplative atmosphere.', 'The combination of the traditional architecture and the gentle lighting creates a rather serene and contemplative atmosphere.', 'The combination of the traditional architecture and the gentle lighting creates a rather serene and contemplative atmosphere.']"
26,195,26_general_gives slightly_sense neglect_road,"['general', 'gives slightly', 'sense neglect', 'road', 'slightly', 'lack care', 'care', 'general state', 'spaces', 'neglect']","['The general sense of neglect and litter on the road surface gives off a slightly disheartening vibe.', 'The general sense of neglect and litter on the road gives off a slightly disheartening vibe.', 'The general sense of neglect and litter on the road gives off a slightly disheartening vibe.']"
27,194,27_decay neglect_speaks systemic_systemic failures_failures,"['decay neglect', 'speaks systemic', 'systemic failures', 'failures', 'state decay', 'neglect space', 'really speaks', 'just normal', 'exciting depressing', 'speaks']","['The state of decay and neglect in this space really speaks to systemic failures and abandonment.', 'The state of decay and neglect in this space really speaks to systemic failures and abandonment.', 'The state of decay and neglect in this space really speaks to systemic failures and abandonment.']"
28,194,28_just normal_normal_people_going,"['just normal', 'normal', 'people', 'going', 'exciting upsetting', 'day', 'upsetting just', 'going just', 'upsetting', 'exciting']","[""It's just a normal scene of people hanging out, nothing too exciting or upsetting going on."", ""It's just a normal scene of people hanging out, nothing too exciting or upsetting going on."", ""It's just a normal scene of people hanging out, nothing too exciting or upsetting going on.""]"
29,191,29_feeling presence_vibe_natural elements_elements,"['feeling presence', 'vibe', 'natural elements', 'elements', 'scene gentle', 'gives', 'natural', 'gentle', 'serene', 'presence']","['The presence of the cute toy and the natural elements gives off a generally peaceful and gentle vibe.', 'The presence of the cute toy and the natural elements outside gives off a generally pleasant and calm vibe.', 'The presence of the cute toy and the natural elements gives off a generally pleasant and calm vibe.']"
30,188,30_greenery_vibrant_combination_gives scene,"['greenery', 'vibrant', 'combination', 'gives scene', 'imposing', 'despite', 'bright sunlight', 'architecture', 'sunlight', 'bright']","['The combination of the established architecture and the vibrant greenery gives the scene a surprisingly peaceful and pleasant feel.', 'The combination of the established architecture and the vibrant greenery gives the scene a surprisingly peaceful and pleasant feeling.', 'The combination of solid architecture and the vibrant greenery gives the scene a respectable and pleasant feel.']"
31,182,31_striking_beauty_texture_uplifting,"['striking', 'beauty', 'texture', 'uplifting', 'make', 'quality', 'colors', 'image', 'positive', 'piece']","['The striking beauty and vivid colors of the mineral piece give the image a wonderfully uplifting and artistic quality.', 'The striking beauty and vivid colors of the mineral piece give the image a wonderfully uplifting and artistic quality.', 'The striking beauty and rich colors of the mineral piece give the image a wonderfully uplifting and artistic quality.']"
32,181,32_doing_upsetting just_particularly exciting_exciting upsetting,"['doing', 'upsetting just', 'particularly exciting', 'exciting upsetting', 'just picture', 'picture', 'upsetting', 'exciting', 'particularly', 'just']","[""It's just a picture of some guys doing a job, nothing particularly exciting or upsetting about it."", ""It's just a picture of some guys doing a job, nothing particularly exciting or upsetting about it."", ""It's just a picture of some guys doing a job in a tunnel, nothing particularly exciting or upsetting about it.""]"
33,179,33_muted_scene quite_landscape_emotional cues,"['muted', 'scene quite', 'landscape', 'emotional cues', 'cues', 'shot', 'public space', 'just snapshot', 'daily', 'strong emotional']","['The scene is quite muted, offering a neutral observation of the landscape without strong emotional cues.', 'The scene is quite muted, offering a neutral observation of the landscape without strong emotional cues.', 'The scene is quite muted, offering a neutral observation of the landscape without strong emotional cues.']"
34,179,34_modern_city_just makes_going,"['modern', 'city', 'just makes', 'going', 'quality', 'really speaks', 'seeing', 'makes', 'visible', 'speaks']","[""Seeing that much smoke rising over the city just makes me worried about the air quality and what's going on."", ""Seeing that much smoke over the city just makes me worry about the air quality and what's going on there."", ""Seeing that much smoke rising over the city just makes me worry about the air quality and what's going on there.""]"
35,178,35_lend_quality scene_colors_certain,"['lend', 'quality scene', 'colors', 'certain', 'tranquil', 'expansive view', 'expansive', 'peaceful', 'beautiful', 'uplifting']","['The expansive view and the tranquil colors of the sunset lend a certain peaceful quality to the scene.', 'The expansive view and the tranquil colors of the sunset lend a certain peaceful quality to the scene.', 'The expansive view and the tranquil colors of the sunset lend a certain peaceful quality to the scene.']"
36,176,36_messy_kind_looks like_happening,"['messy', 'kind', 'looks like', 'happening', 'chaotic', 'going', 'like', 'looks', 'going just', 'work']","['It looks like some kind of messy incident or work is going on, which is typical of how things get handled in our city.', 'It looks like some kind of messy work or incident is happening in the middle of the city, which is typical of how things get handled here.', 'It looks like some kind of messy work or incident is happening in the city, which is typical of how things get pushed through here.']"
37,176,37_need_indicator_concerning_city,"['need', 'indicator', 'concerning', 'city', 'visible', 'inherently', 'clear', 'backdrop', 'suggests', 'ongoing']","['The visible pollution rising over the city is a clear indicator of environmental strain, which is something we need to address politically.', 'The visible pollution rising over the city is a clear indicator of environmental strain, which is something we need to address pragmatically.', 'The visible pollution plume over the city is a clear indicator of environmental strain, which is something we need to address pragmatically.']"
38,176,38_appreciate_art_mundane_urban setting,"['appreciate', 'art', 'mundane', 'urban setting', 'communities', 'reflects systemic', 'systemic neglect', 'setting', 'simple', 'urban']","['I appreciate the creative effort put into that pavement art, even with the mundane cone nearby.', 'I appreciate the small act of art on the ground, even with the mundane cone nearby.', 'I appreciate the small act of art on the ground, even with the mundane cone nearby.']"
39,175,39_things fall_fall apart_fall_dont,"['things fall', 'fall apart', 'fall', 'dont', 'things', 'apart', 'just looks', 'folks', 'left', 'apart dont']","[""It's just another example of how the city lets things fall apart when they don't invest in the neighborhoods."", ""It's just another picture of how things fall apart when the city lets things slide."", ""It's just another picture of how things fall apart when the city lets things slide.""]"
40,174,40_feel bit_showing_old_bit,"['feel bit', 'showing', 'old', 'bit', 'structure', 'makes feel', 'problem', 'public space', 'makes', 'inherently negative']","[""It's just an old structure showing its age, which makes me feel a bit neutral about it."", ""It's just an old structure showing its age, which makes me feel a bit neutral about it."", ""It's just an old structure showing its age, which makes me feel a bit neutral about it.""]"
41,174,41_public spaces_just reinforces_reinforces_spaces,"['public spaces', 'just reinforces', 'reinforces', 'spaces', 'public', 'strongly positive', 'neglected just', 'public space', 'gathering', 'little']","['The whole place looks neglected and empty, which just reinforces how little care is put into these public spaces.', 'The whole place looks neglected and empty, which just reinforces how little care is put into these public spaces.', 'The whole place looks neglected and empty, which just reinforces how little care is being put into public spaces.']"
42,169,42_mix_elements_industrial_presents,"['mix', 'elements', 'industrial', 'presents', 'modern', 'strong positive', 'neutral assessment', 'neutral feeling', 'neutral', 'assessment']","['The space presents a mix of industrial and designed elements, resulting in a balanced, neutral feeling.', 'The setting presents a mix of industrial and curated elements, resulting in a balanced, neutral feeling.', 'The setting presents a mix of industrial and designed elements, resulting in a balanced, neutral feeling.']"
43,168,43_create_speaks lack_darkness_atmosphere,"['create', 'speaks lack', 'darkness', 'atmosphere', 'stark', 'emotional cues', 'cues', 'neglect space', 'bleak', 'speaks']","['The oppressive darkness and narrow confines create a rather bleak and isolating atmosphere.', 'The oppressive darkness and narrow confines create a rather bleak and isolating atmosphere.', 'The oppressive darkness and narrow confines create a rather bleak and isolating atmosphere.']"
44,167,44_police_traffic_seeing_just makes,"['police', 'traffic', 'seeing', 'just makes', 'chaos', 'makes feel', 'makes', 'systemic failure', 'failure', 'just reminds']","['Seeing all that traffic and the police presence just makes me feel stressed about how much our infrastructure is always struggling.', 'Seeing all that traffic and the police presence just makes me feel stressed about how much our infrastructure is struggling.', 'Seeing all that traffic and the police presence just makes me feel stressed about how much our infrastructure is always struggling.']"
45,166,45_struggles_feels_looking_neglected,"['struggles', 'feels', 'looking', 'neglected', 'spaces', 'face', 'decent', 'public spaces', 'bit', 'neglected just']","['The whole space feels neglected and a bit desolate, which just mirrors the struggles we face every day.', 'The whole space feels neglected and empty, which just mirrors the struggles we face every day.', 'The whole space feels neglected and empty, which just mirrors the struggles we face every day.']"
46,165,46_depressing just_exciting depressing_depressing_city,"['depressing just', 'exciting depressing', 'depressing', 'city', 'just picture', 'picture', 'exciting', 'just', '', '']","[""It's just a picture of the city, nothing too exciting or depressing about it."", ""It's just a picture of the city, nothing too exciting or depressing about it."", ""It's just a picture of the city, nothing too exciting or depressing about it.""]"
47,165,47_architecture_keeps_gives somewhat_impressive,"['architecture', 'keeps', 'gives somewhat', 'impressive', 'quite neutral', 'interesting', 'creates', 'neutral feeling', 'neutral', 'emptiness']","['The architecture is impressive, but the utilitarian nature of the space keeps the feeling quite neutral.', 'The symmetrical architecture is impressive, but the utilitarian nature of the space keeps the feeling quite neutral.', 'The symmetrical architecture is impressive, but the utilitarian nature of the space keeps the feeling quite neutral.']"
48,163,48_decay neglect_pervasive sense_sense decay_neglect space,"['decay neglect', 'pervasive sense', 'sense decay', 'neglect space', 'deeply', 'pervasive', 'urban scene', 'disheartening', 'decay', 'registers']","['The pervasive sense of decay and neglect in this space is deeply disheartening.', 'The pervasive sense of decay and neglect in this space is deeply disheartening.', 'The pervasive sense of decay and neglect in this space is deeply disheartening.']"
49,159,49_inherently negative_indicator_caution_inherently,"['inherently negative', 'indicator', 'caution', 'inherently', 'area', 'immediately', 'tape', 'negative', 'problem', 'suggests']","['The presence of multiple caution tapes suggests a restricted or problematic area, which is inherently a negative indicator.', 'The presence of multiple caution tapes suggests a restricted or problematic area, which is inherently a negative indicator.', 'The presence of multiple caution tapes suggests a restricted or problematic area, which is inherently a negative indicator of order.']"
50,158,50_just regular_country_regular_road,"['just regular', 'country', 'regular', 'road', 'exciting', 'upsetting just', 'depressing just', 'exciting upsetting', 'exciting depressing', 'upsetting']","[""It's just a regular country road, nothing too exciting or upsetting about it."", ""It's just a regular country road, nothing too exciting or upsetting about it."", ""It's just a regular country road, nothing too exciting or upsetting about it.""]"
51,157,51_pretty typical_left_things going_combination,"['pretty typical', 'left', 'things going', 'combination', 'place looks', 'things fall', 'place', 'fall apart', 'apart', 'fall']","[""This place looks like it's been left to rot, which just reminds me of how things fall apart when you don't take care of them."", ""This whole place looks like it's been left to rot, which just reminds me of how things fall apart when you don't take care of them."", ""This place looks like it's been left to rot, which just reminds me of how things fall apart when you don't take care of them.""]"
52,155,52_tape_caution_problem_business,"['tape', 'caution', 'problem', 'business', 'immediately', 'sign', 'kind', 'suggests kind', 'good', 'kind disruption']","['The caution tape immediately signals some kind of problem or restriction, which is never a good sign for a functioning business.', 'The caution tape immediately signals some kind of problem or restriction, which is never a good sign for a functioning business.', 'The caution tape immediately signals some kind of problem or restriction, which is never a good sign for business.']"
53,155,53_street scene_street_mundane_positive feeling,"['street scene', 'street', 'mundane', 'positive feeling', 'construction', 'gentle', 'serene', 'light', 'standard', 'art']","['The image presents a mundane street scene featuring both a piece of street art and standard construction equipment.', 'The image presents a mundane street scene featuring both a piece of street art and standard construction equipment.', 'The image presents a mundane street scene featuring both a piece of street art and standard construction equipment.']"
54,154,54_resources_run_neglected just_speaks lack,"['resources', 'run', 'neglected just', 'speaks lack', 'place looks', 'place', 'really speaks', 'lack care', 'decay neglect', 'lack']","['This place looks completely run down and neglected, which is just a waste of resources.', 'This place looks completely run down and neglected, which is just a waste of resources.', 'This place looks completely run down and neglected, which is just a waste of resources.']"
55,152,55_frustrating_systemic failures_failures_reflects systemic,"['frustrating', 'systemic failures', 'failures', 'reflects systemic', 'decay neglect', 'reflects', 'overall state', 'state decay', 'neglect space', 'deeply']","['The overall state of decay and neglect in this space reflects systemic failures that are deeply frustrating.', 'The overall state of decay and neglect in this space reflects systemic failures that are deeply frustrating.', 'The overall state of decay and neglect in this space reflects systemic failures that are deeply frustrating.']"
56,151,56_evokes sense_disrepair neglect_evokes_sense neglect,"['evokes sense', 'disrepair neglect', 'evokes', 'sense neglect', 'convey', 'neglect space', 'visible state', 'state disrepair', 'disrepair', 'abandonment']","['The state of disrepair and neglect in this space evokes a sense of melancholy and abandonment.', 'The state of disrepair and neglect in this space evokes a sense of melancholy and abandonment.', 'The state of disrepair and neglect in this space evokes a sense of melancholy and abandonment.']"
57,150,57_busy_areas_texture_shot,"['busy', 'areas', 'texture', 'shot', 'emotional response', 'response', 'doesnt evoke', 'evoke strong', 'uplifting', 'just reflects']","[""The image is just a texture shot, which doesn't evoke a strong emotional response for me."", ""The image is just a texture shot, which doesn't evoke a strong emotional response for me."", ""The image is just a texture shot, which doesn't evoke a strong emotional response for me.""]"
58,150,58_backdrop_bright sunlight_greenery_scene pleasant,"['backdrop', 'bright sunlight', 'greenery', 'scene pleasant', 'sunlight', 'pleasant', 'despite', 'lend', 'quality scene', 'bright']","['The bright sunlight and established greenery give the scene a pleasant, orderly feel despite the urban backdrop.', 'The bright sunlight and established greenery give the scene a pleasant, orderly feel despite the urban backdrop.', 'The bright sunlight and established greenery give the scene a pleasant, orderly feel despite the urban backdrop.']"
59,143,59_general_dealing_general state_arent,"['general', 'dealing', 'general state', 'arent', 'fall apart', 'things fall', 'fall', 'just screams', 'screams', 'neglect']","['The rust and general state of disrepair just screams neglect, which is what we see too much of in this city.', 'The heavy rust and general decay on this metal barrier just speaks to neglect and how things fall apart around us.', 'The heavy rust and general decay on this barrier really speaks to neglect and the way big systems let things fall apart.']"
60,142,60_day_going_just snapshot_particularly noteworthy,"['day', 'going', 'just snapshot', 'particularly noteworthy', 'noteworthy', 'snapshot', 'people', 'particularly good', 'bad just', 'particularly']","[""It's just a snapshot of people going about their day, nothing particularly noteworthy or upsetting."", ""It's just a snapshot of people going about their day, nothing particularly noteworthy or upsetting."", ""It's just a snapshot of people going about their day, nothing particularly noteworthy or upsetting.""]"
61,141,61_upsetting just_exciting upsetting_just picture_picture,"['upsetting just', 'exciting upsetting', 'just picture', 'picture', 'upsetting', 'exciting', 'just', 'really', '', '']","[""It's just a picture of a floor, nothing exciting or upsetting about it."", ""It's just a picture of a floor, nothing exciting or upsetting about it."", ""It's just a picture of a floor, nothing exciting or upsetting about it.""]"
62,141,62_particularly exciting_necessary_upsetting just_piece,"['particularly exciting', 'necessary', 'upsetting just', 'piece', 'particularly', 'exciting upsetting', 'upsetting', 'exciting', 'particularly striking', 'work']","[""It's just a picture of some necessary work being done, nothing particularly exciting or upsetting about it."", ""It's just a picture of some necessary work being done, nothing particularly exciting or upsetting about it."", ""It's just a picture of some necessary work being done, nothing particularly exciting or upsetting about it.""]"
63,138,63_upsetting just_exciting upsetting_just picture_picture,"['upsetting just', 'exciting upsetting', 'just picture', 'picture', 'upsetting', 'exciting', 'just', 'particularly exciting', 'particularly', '']","[""It's just a picture of the neighborhood, nothing too exciting or upsetting to me."", ""It's just a picture of the neighborhood, nothing too exciting or upsetting to me."", ""It's just a picture of the neighborhood, nothing too exciting or upsetting to me.""]"
64,138,64_street scene_street_mundane_art,"['street scene', 'street', 'mundane', 'art', 'moving', 'traffic', 'upsetting just', 'scene', 'exciting', 'exciting upsetting']","[""It's just a mundane street scene with some street art and a cone, nothing too exciting or upsetting."", ""It's just a mundane street scene with some street art and a cone, nothing too exciting or upsetting."", ""It's just a mundane street scene with some street art and a cone, nothing too exciting or upsetting.""]"
65,137,65_melancholic_evokes_negative feeling_pervasive sense,"['melancholic', 'evokes', 'negative feeling', 'pervasive sense', 'sense decay', 'abandonment space', 'bleak', 'pervasive', 'darkness', 'abandonment']","['The pervasive sense of decay and abandonment in this space evokes a deeply melancholic and negative feeling.', 'The pervasive sense of decay and abandonment in this space evokes a deeply melancholic and negative feeling.', 'The pervasive sense of decay and abandonment in this space evokes a deeply melancholic and negative feeling.']"
66,137,66_emptiness structure_decay emptiness_state decay_emptiness,"['emptiness structure', 'decay emptiness', 'state decay', 'emptiness', 'falling', 'falling apart', 'wood', 'decay', 'frankly', 'clear sky']","['The state of decay and emptiness in this structure speaks to a clear lack of productive use.', 'The state of decay and emptiness in this structure speaks to a clear lack of productive use.', 'The state of decay and emptiness in this structure speaks to a clear lack of productive use.']"
67,137,67_doing_youre_pretty_trying,"['doing', 'youre', 'pretty', 'trying', 'want', 'working', 'muted', 'feels pretty', 'nice', 'people']","['It just shows people doing a job in a tunnel, which feels pretty routine for the working class.', 'It just shows people doing a job in a tunnel, which feels pretty routine for the working class.', 'It just shows people doing a job in a tunnel, which feels pretty routine for the working class.']"
68,136,68_civic_care_general_lack,"['civic', 'care', 'general', 'lack', 'disappointing', 'quite disheartening', 'suggests', 'visible', 'disheartening', 'frankly']","['The visible accumulation of trash and general disarray suggests a lack of civic care, which is quite disheartening.', 'The visible accumulation of trash and general disarray suggests a lack of civic care, which is quite disheartening.', 'The visible accumulation of trash and general disarray suggests a lack of civic care, which is quite disheartening.']"
69,133,69_home_simple_want_decent,"['home', 'simple', 'want', 'decent', 'calm', 'protest', 'feels quite', 'tense', 'scene', 'suggests kind']","[""It's a simple, calm scene with a cute toy, which is what you want in a decent home."", ""It's a simple, calm scene with a cute toy, which is what you want in a decent home."", ""It's a simple, calm scene with a cute toy, which is what you want in a decent home.""]"
70,132,70_scene quite_utilitarian_tone_suggesting,"['scene quite', 'utilitarian', 'tone', 'suggesting', 'sentiment', 'gives neutral', 'setting feels', 'neglected', 'slightly', 'stark']","['The scene is quite stark, suggesting a utilitarian or neglected space, which keeps the sentiment firmly in the neutral range.', 'The scene is quite stark, suggesting a utilitarian or neglected space without any strong emotional valence.', 'The scene is quite stark, suggesting a utilitarian or neglected space without any strong emotional valence.']"
71,132,71_disheartening state_disrepair neglect_space quite_quite disheartening,"['disheartening state', 'disrepair neglect', 'space quite', 'quite disheartening', 'neglect space', 'disheartening', 'state disrepair', 'disrepair', 'quite', 'pretty typical']","['The state of disrepair and neglect in this space is quite disheartening.', 'The state of disrepair and neglect in this space is quite disheartening.', 'The state of disrepair and neglect in this space is quite disheartening.']"
72,131,72_working_sign_messy_seeing,"['working', 'sign', 'messy', 'seeing', 'bit', 'positive', 'feel little', 'hopeful', 'little', 'feels like']","[""Even though it's a bit messy, seeing someone actively working and creating something is a positive sign of productivity."", ""Even though it's a bit messy, seeing someone actively working and creating something is a positive sign of productivity."", ""Even though it's a bit messy, seeing someone actively working and creating something is a positive sign of industry.""]"
73,131,73_somewhat stark_observational_strong feeling_clean,"['somewhat stark', 'observational', 'strong feeling', 'clean', 'architectural', 'emotionally charged', 'charged', 'emotionally', 'charged just', 'stark']","['The image presents a somewhat stark architectural view that feels more observational than emotionally charged.', 'The image presents a somewhat stark architectural view that feels more observational than emotionally charged.', 'The image presents a somewhat stark architectural view that feels more observational than emotionally charged.']"
74,131,74_emptiness space_sense neglect_bleak_emptiness,"['emptiness space', 'sense neglect', 'bleak', 'emptiness', 'albeit somewhat', 'atmosphere', 'overall', 'somewhat', 'ordinary', 'albeit']","['The overall sense of neglect and emptiness in this space suggests a somewhat bleak atmosphere.', 'The overall sense of neglect and emptiness in this space suggests a somewhat bleak atmosphere.', 'The overall sense of neglect and emptiness in this space suggests a somewhat bleak atmosphere.']"
75,129,75_just normal_moving_typical scene_people,"['just normal', 'moving', 'typical scene', 'people', 'exciting depressing', 'going', 'normal', 'day', 'depressing just', 'youre trying']","[""It's just a normal scene of people going about their day, nothing too exciting or depressing about it."", ""It's just a normal scene of people going about their day, nothing too exciting or depressing about it."", ""It's just a normal scene of people going about their day, nothing too exciting or depressing about it.""]"
76,128,76_general state_melancholic_general_visible,"['general state', 'melancholic', 'general', 'visible', 'neglected', 'bleak', 'state disrepair', 'disrepair', 'image', 'somewhat']","['The visible rust and general state of disrepair give the image a somewhat melancholic and neglected feeling.', 'The visible rust and general state of disrepair give the image a somewhat melancholic and neglected feeling.', 'The visible rust and general state of disrepair give the image a somewhat melancholic and neglected feeling.']"
77,128,77_domestic_sunlight_gives scene_appreciate,"['domestic', 'sunlight', 'gives scene', 'appreciate', 'quiet', 'gives', 'evokes sense', 'warm', 'decent', 'evokes']","['The presence of the cat in the sunlight gives the scene a quiet, domestic warmth that I appreciate.', 'The presence of the cat in the sunlight gives the scene a quiet, domestic warmth that I appreciate.', 'The presence of the cat in the sunlight gives the scene a quiet, domestic warmth that I appreciate.']"
78,127,78_sky_feel little_bright_hopeful,"['sky', 'feel little', 'bright', 'hopeful', 'clear sky', 'backdrop', 'little', 'imposing', 'appreciate', 'bright sunlight']","['I feel a little hopeful seeing the city standing tall under such a bright, clear sky.', 'I feel a little hopeful seeing the city standing tall under such a bright, clear sky.', 'I feel a little hopeful seeing the city standing tall under such a bright, clear sky.']"
79,126,79_routine_registers_positive negative_sad,"['routine', 'registers', 'positive negative', 'sad', 'depicts', 'left', 'utilitarian', 'activity', 'work', 'just makes']","['The image depicts routine work activity in a utilitarian setting, which registers as neither particularly positive nor negative.', 'The image depicts routine work activity in a utilitarian setting, which registers as neither particularly positive nor negative.', 'The image depicts routine work activity in a utilitarian setting, which registers as neither particularly positive nor negative.']"
80,126,80_utilitarian_routine_depiction_setting,"['utilitarian', 'routine', 'depiction', 'setting', 'necessary', 'registers neutral', 'happening', 'depicts', 'leading neutral', 'leading']","['The image depicts routine work activity in a utilitarian setting, which registers as neutral.', 'The image depicts routine work activity within a utilitarian setting, which registers as neutral.', ""It's just a depiction of routine labor in a functional, albeit utilitarian, setting.""]"
81,126,81_systemic neglect_speaks systemic_systemic_really speaks,"['systemic neglect', 'speaks systemic', 'systemic', 'really speaks', 'building', 'speaks', 'state disrepair', 'disrepair', 'failure', 'reflects systemic']","['The state of disrepair on this building really speaks to systemic neglect, which is just infuriating.', 'The state of disrepair on this building really speaks to systemic neglect, which is just another symptom of how the system is failing us.', 'The state of disrepair on this building really speaks to systemic neglect, which is just infuriating.']"
82,124,82_quiet_gives sense_genuinely peaceful_appreciate,"['quiet', 'gives sense', 'genuinely peaceful', 'appreciate', 'serene', 'genuinely', 'peaceful', 'gives', 'sense', 'beauty']","['The quiet path through the woods gives a sense of peacefulness, which I appreciate.', 'The quiet path through the woods gives a sense of peacefulness, which I appreciate.', 'The quiet path through the woods gives a sense of peaceful solitude, which I appreciate.']"
83,123,83_tape_caution_good_trying,"['tape', 'caution', 'good', 'trying', 'just screams', 'screams', 'frustrating', 'sign', 'exactly', 'isnt']","['The caution tape just tells you things are messed up or not safe, which is never good news.', 'The caution tape just tells you things are messed up or not safe, which is never good news.', ""The caution tape just tells you something's wrong, and that's never good news.""]"
84,123,84_sky_beauty_landscape_expansive,"['sky', 'beauty', 'landscape', 'expansive', 'natural', 'evoke', 'bright', 'clear sky', 'sense', 'clear']","['The expansive green landscape and bright sky evoke a sense of tranquility and natural beauty.', 'The expansive green landscape and bright sky evoke a sense of tranquility and natural beauty.', 'The expansive green landscape and bright sky evoke a sense of tranquility and natural beauty.']"
85,123,85_inherently negative_immediately_indicator_inherently,"['inherently negative', 'immediately', 'indicator', 'inherently', 'caution', 'area', 'negative', 'presence', 'problem', 'sign']","['The presence of multiple caution tapes immediately signals a restricted or problematic area, which is inherently a negative indicator.', 'The presence of multiple caution tapes immediately signals a restricted or problematic area, which is inherently a negative indicator.', 'The presence of multiple caution tapes immediately signals a restricted or problematic area, which is inherently a negative indicator.']"
86,120,86_strong feelings_feelings_building_doesnt,"['strong feelings', 'feelings', 'building', 'doesnt', 'strong', 'feeling just', 'just picture', 'picture', 'albeit somewhat', 'positive feeling']","[""It's just a picture of a building, and honestly, it doesn't stir up any strong feelings for me."", ""It's just a picture of a building, and honestly, it doesn't stir up any strong feelings for me."", ""It's just a picture of a building, and honestly, it doesn't stir up any strong feelings for me.""]"
87,119,87_public space_scene depicts_positive negative_public,"['public space', 'scene depicts', 'positive negative', 'public', 'overtly', 'depicts', 'analytical standpoint', 'standpoint', 'analytical', 'registers']","['The scene depicts a gathering of people in a public space, which is neither overtly positive nor negative from an analytical standpoint.', 'The scene depicts a gathering of people in a public space, which is neither overtly positive nor negative from an analytical standpoint.', 'The scene depicts a gathering of people in a public space, which is neither overtly positive nor negative from an analytical standpoint.']"
88,116,88_functional somewhat_feels like_impressive_vibe,"['functional somewhat', 'feels like', 'impressive', 'vibe', 'weather', 'industrial', 'standard', 'clear', 'feel', 'architecture']","['It feels like a functional, somewhat industrial space, which makes me feel neutral about the overall vibe.', 'It feels like a functional, somewhat industrial space, which makes me feel neutral about the overall vibe.', 'It feels like a functional, somewhat industrial space, which makes me feel neutral about the overall vibe.']"
89,115,89_environment_really_city_visible,"['environment', 'really', 'city', 'visible', 'negative', 'industrial', 'activity', 'suggests', 'distinctly negative', 'distinctly']","['The visible pollution rising over the city really highlights the negative impact of unchecked industrialization on our environment.', 'The visible pollution rising over the city really highlights the negative impact of unchecked industrialization on our environment.', 'The visible pollution rising over the city really highlights the negative impact of unchecked industrialization on our environment.']"
90,115,90_necessary_utilitarian_maintenance_work happening,"['necessary', 'utilitarian', 'maintenance', 'work happening', 'happening', 'space just', 'work', 'just looks', 'construction', 'shows']","['It just looks like some necessary maintenance or construction work happening in a utilitarian space.', 'It just looks like some necessary maintenance or construction work happening in a utilitarian space.', 'It just looks like some necessary maintenance or construction work happening in a utilitarian space.']"
91,115,91_natural elements_elements_gives scene_natural,"['natural elements', 'elements', 'gives scene', 'natural', 'sunlight', 'compelling', 'quality', 'interesting', 'gives', 'albeit']","['The interplay of the natural elements with the man-made structure, bathed in sunlight, gives the scene a compelling, if rugged, quality.', 'The interplay of the natural elements with the man-made structure, bathed in sunlight, gives the scene a compelling, if rugged, quality.', 'The interplay of the natural elements with the man-made structure, bathed in sunlight, gives the scene a compelling, if rugged, quality.']"
92,115,92_scene depicts_work happening_disruption_happening,"['scene depicts', 'work happening', 'disruption', 'happening', 'depicts', 'urban setting', 'kind', 'busy', 'level', 'kind disruption']","['The scene depicts some kind of incident or work happening in a busy urban setting, which suggests disruption.', 'The scene depicts some kind of incident or work happening in a busy urban setting, which suggests disruption.', 'The scene depicts some kind of incident or work happening in a busy urban setting, which suggests disruption.']"
93,114,93_infrastructure particularly_particularly inspiring_piece infrastructure_inspiring,"['infrastructure particularly', 'particularly inspiring', 'piece infrastructure', 'inspiring', 'just functional', 'infrastructure', 'functional', 'depressing just', 'depressing', 'piece']","[""It's just a functional piece of infrastructure, nothing particularly inspiring or depressing about it."", ""It's just a functional piece of infrastructure, nothing particularly inspiring or depressing about it."", ""It's just a functional piece of infrastructure, nothing particularly inspiring or depressing about it.""]"
94,114,94_decidedly negative_visible state_disrepair suggest_decidedly,"['decidedly negative', 'visible state', 'disrepair suggest', 'decidedly', 'darkness', 'environment', 'pervasive', 'suggest', 'negative', 'visible']","['The pervasive darkness and visible state of disrepair suggest a decidedly negative and neglected environment.', 'The pervasive darkness and visible state of disrepair suggest a decidedly negative and neglected environment.', 'The pervasive darkness and visible state of disrepair suggest a decidedly negative and neglected environment.']"
95,114,95_city_industrial_modern_mess,"['city', 'industrial', 'modern', 'mess', 'gives', 'environment', 'visible', 'just shows', 'sense', 'shows']","['The visible smoke rising over the city gives me a slight sense of unease about the industrial impact on our environment.', 'The visible smoke rising over the city gives me a slight sense of unease about the industrial impact on our environment.', 'The visible smoke rising over the city gives me a slight sense of unease about the industrial impact on our environment.']"
96,113,96_backdrop_decent_calm feeling_sun,"['backdrop', 'decent', 'calm feeling', 'sun', 'calm', 'fall', 'trees', 'city', 'sunlight', 'nice']","['Even with the city backdrop, the bright sun and the fall foliage give it a decent, calm feeling.', 'Even with the city backdrop, the bright sun and the fall colors give it a decent, calm feeling.', 'Even with the city backdrop, the bright sun and the fall colors give it a decent, calm feeling.']"
97,113,97_concerning_particularly noteworthy_noteworthy_presence large,"['concerning', 'particularly noteworthy', 'noteworthy', 'presence large', 'form', 'large', 'wood', 'unrest', 'inherently', 'area']","['The presence of a large group in protective gear suggests some form of confrontation or civil unrest, which is inherently concerning.', 'The presence of a large group in protective gear suggests some form of confrontation or civil unrest, which is inherently concerning.', 'The presence of a large group in protective gear suggests some form of confrontation or civil unrest, which is inherently concerning.']"
98,112,98_exactly_sense quiet_home_want,"['exactly', 'sense quiet', 'home', 'want', 'natural', 'chaos', 'pleasant', 'domestic', 'calm', 'quiet']","[""It's a pleasant, calm scene with nice natural elements, which is exactly what you want in a well-kept home."", ""It's a pleasant, calm scene with nice natural elements, which is exactly what you want in a well-kept home."", ""It's a pleasant, calm scene with nice natural elements, which is exactly what you want in a well-kept home.""]"
99,111,99_frankly depressing_space frankly_frankly_decay neglect,"['frankly depressing', 'space frankly', 'frankly', 'decay neglect', 'pervasive sense', 'sense decay', 'neglect space', 'depressing', 'pervasive', 'decay']","['The pervasive sense of decay and neglect in this space is frankly depressing.', 'The pervasive sense of decay and neglect in this space is frankly depressing.', 'The pervasive sense of decay and neglect in this space is frankly depressing.']"
100,110,100_road_level_exciting upsetting_appears,"['road', 'level', 'exciting upsetting', 'appears', 'gathering', 'upsetting', 'upsetting just', 'just picture', 'exciting', 'picture']","[""It's just a picture of a road, nothing exciting or upsetting about it."", ""It's just a picture of a road, nothing exciting or upsetting about it."", ""It's just a picture of the road, nothing too exciting or upsetting about it.""]"
101,110,101_situation_isnt_tense_appreciate,"['situation', 'isnt', 'tense', 'appreciate', 'exactly', 'police', 'suggests kind', 'stable', 'weather', 'expansive view']","[""The presence of police and protestors suggests some kind of tense situation, which isn't exactly a happy scene."", ""The presence of police and protestors suggests some kind of tense situation, which isn't exactly a happy scene."", ""The presence of police and protestors suggests some kind of tense situation, which isn't exactly a happy scene.""]"
102,109,102_bad just_urban infrastructure_good bad_bad,"['bad just', 'urban infrastructure', 'good bad', 'bad', 'particularly good', 'just snapshot', 'good', 'snapshot', 'particularly striking', 'just functional']","[""It's just a functional depiction of urban infrastructure in operation, which is neither particularly good nor bad."", ""It's just a snapshot of urban infrastructure, which is neither particularly good nor bad, just functional."", ""It's just a snapshot of urban infrastructure, which is neither particularly good nor bad, just functional.""]"
103,109,103_disappointing_lack care_disrepair suggest_general state,"['disappointing', 'lack care', 'disrepair suggest', 'general state', 'care', 'general', 'lack', 'suggest', 'visible', 'state disrepair']","['The visible corrosion and general state of disrepair suggest a lack of care, which is disappointing.', 'The visible corrosion and general state of disrepair suggest a lack of care, which is disappointing.', 'The visible corrosion and general state of disrepair suggest a lack of care, which is disappointing.']"
104,109,104_apart dont_reminds things_just reminds_reminds,"['apart dont', 'reminds things', 'just reminds', 'reminds', 'things fall', 'fall apart', 'fall', 'dont', 'apart', 'care']","[""This whole place looks neglected and dirty, which just reminds me of how things fall apart when you don't take care of them."", ""This whole place looks neglected and dirty, which just reminds me of how things fall apart when you don't take care of them."", ""This whole place looks neglected and dirty, which just reminds me of how things fall apart when you don't take care of them.""]"
105,108,105_space frankly_disrepair neglect_depressing_frankly depressing,"['space frankly', 'disrepair neglect', 'depressing', 'frankly depressing', 'just functional', 'depressing just', 'frankly', 'neglect space', 'exciting depressing', 'functional']","['The state of disrepair and neglect in this space is frankly depressing.', 'The state of disrepair and neglect in this space is frankly depressing.', 'The state of disrepair and neglect in this space is frankly depressing.']"
106,107,106_setting feels_leading neutral_leading_feels quite,"['setting feels', 'leading neutral', 'leading', 'feels quite', 'neutral feeling', 'utilitarian', 'setting', 'feels', 'appears', 'neglected']","['The setting feels quite neglected, but the objects themselves are just utilitarian, leading to a neutral feeling.', 'The setting feels quite neglected, but the objects themselves are just utilitarian, leading to a neutral feeling.', 'The setting feels quite neglected, but the objects themselves are just utilitarian, leading to a neutral feeling.']"
107,107,107_presence large_large_unrest_form,"['presence large', 'large', 'unrest', 'form', 'police', 'systemic failure', 'failure', 'crowd', 'inherently', 'traffic']","['The presence of a large, uniformed crowd suggests some form of civil unrest, which is inherently concerning.', 'The presence of large groups and police suggests some form of civil unrest, which is inherently disruptive.', 'The presence of large groups and police suggests some form of civil unrest, which is inherently concerning.']"
108,107,108_peaceful feeling_disrepair emptiness_distinctly negative_convey,"['peaceful feeling', 'disrepair emptiness', 'distinctly negative', 'convey', 'peaceful', 'distinctly', 'hope', 'decidedly negative', 'negative feeling', 'sky']","['The vastness and the colors in the sky give it a peaceful feeling, which is what I hope for when I look at nature.', 'The vastness and the colors in the sky give it a peaceful feeling, which is what I hope for when I look at nature.', 'The vastness and the colors in the sky give it a peaceful feeling, which is what I hope for when I look at nature.']"
109,107,109_scene feels_contemplative_gives neutral_feels quite,"['scene feels', 'contemplative', 'gives neutral', 'feels quite', 'space quite', 'quite', 'muted', 'depressing', 'atmosphere', 'quiet']","['The scene feels quite stark and quiet, which gives it a neutral, contemplative atmosphere.', 'The scene feels quite stark and quiet, which gives it a neutral, contemplative atmosphere.', 'The scene feels quite stark and quiet, which gives it a neutral, contemplative atmosphere.']"
110,106,110_enclosed_darkness_tone_distinctly,"['enclosed', 'darkness', 'tone', 'distinctly', 'bleak', 'heavy', 'feeling', 'image', 'somewhat', 'vibe']","['The oppressive darkness and the feeling of being enclosed give this image a distinctly isolating and somewhat bleak tone.', 'The oppressive darkness and the feeling of being enclosed give this image a distinctly isolating and somewhat bleak tone.', 'The oppressive darkness and the feeling of being enclosed give this image a distinctly isolating and somewhat bleak tone.']"
111,105,111_pervasive sense_disheartening state_space quite_pervasive,"['pervasive sense', 'disheartening state', 'space quite', 'pervasive', 'decay neglect', 'disheartening', 'quite disheartening', 'sense decay', 'decay', 'neglect space']","['The pervasive sense of decay and neglect in this space is quite disheartening.', 'The pervasive sense of decay and neglect in this space is quite disheartening.', 'The pervasive sense of decay and neglect in this space is quite disheartening.']"
112,105,112_tape_uneasy_caution_immediately,"['tape', 'uneasy', 'caution', 'immediately', 'makes feel', 'problem', 'makes', 'slightly', 'like', 'feel']","['The caution tape makes me feel uneasy, like something is wrong or unsafe in that space.', 'The caution tape makes me feel uneasy, like something is wrong or unsafe in that space.', 'The caution tape makes me feel uneasy, like something is wrong or unsafe in that space.']"
113,104,113_gives sense_sense quiet_hopeful_scene genuinely,"['gives sense', 'sense quiet', 'hopeful', 'scene genuinely', 'quiet', 'genuinely', 'gives', 'sense', 'somewhat', 'weather']","['The path through the woods gives a sense of quiet exploration, which I find somewhat hopeful.', 'The path through the woods gives a sense of quiet journeying, which I find somewhat hopeful.', 'The path through the woods gives a sense of quiet exploration, which I find somewhat hopeful.']"
114,103,114_feel bit_dark_enclosed_uneasy,"['feel bit', 'dark', 'enclosed', 'uneasy', 'bit', 'just makes', 'makes feel', 'makes', 'feel', 'feeling']","[""The dark, enclosed feeling of this passage just makes me feel a bit uneasy about what's out there."", ""The dark, enclosed feeling of this passage just makes me feel a bit uneasy about what's out there."", ""The dark, enclosed feeling of this passage just makes me feel a bit uneasy about what's out there.""]"
115,103,115_vibrant_creates_tranquil_pleasant,"['vibrant', 'creates', 'tranquil', 'pleasant', 'combination', 'genuinely', 'gives scene', 'serene', 'atmosphere', 'scene pleasant']","['The presence of the cute toy and the vibrant flowers creates a genuinely pleasant and serene atmosphere.', 'The combination of the cute toy and the vibrant flowers creates a decidedly pleasant and tranquil scene.', 'The combination of the cute toy and the vibrant flowers creates a decidedly pleasant and tranquil scene.']"
116,103,116_disappointing_lack proper_proper upkeep_disrepair suggest,"['disappointing', 'lack proper', 'proper upkeep', 'disrepair suggest', 'proper', 'upkeep', 'general state', 'general', 'lack', 'suggest']","['The visible corrosion and general state of disrepair suggest a lack of proper upkeep, which is quite disappointing.', 'The visible corrosion and general state of disrepair suggest a lack of proper upkeep, which is quite disappointing.', 'The visible corrosion and general state of disrepair suggest a lack of proper upkeep, which is quite disappointing.']"
117,103,117_level_scene depicts_disruption_depicts,"['level', 'scene depicts', 'disruption', 'depicts', 'crowd', 'suggesting', 'environment', 'urban', 'suggests', 'scene']","['The scene depicts an incident involving a vehicle and a crowd, suggesting some level of disruption to the urban environment.', 'The scene depicts an incident involving a vehicle and a crowd, suggesting some level of disruption to the urban environment.', 'The scene depicts an incident involving a vehicle and a crowd, suggesting some level of disruption to the urban environment.']"
118,103,118_just reflects_place looks_reflects_sad,"['just reflects', 'place looks', 'reflects', 'sad', 'systemic failures', 'failures', 'place', 'communities', 'speaks systemic', 'state things']","['This place looks completely neglected, which just reflects the systemic failures we see everywhere.', 'This place looks completely neglected, which just reflects the systemic failures we see everywhere.', 'This place looks completely neglected, which just reflects the systemic failures we see everywhere.']"
119,102,119_negative just_positive negative_leaning_functional,"['negative just', 'positive negative', 'leaning', 'functional', 'strongly', 'overtly', 'negative feeling', 'strong positive', 'standard', 'negative']","[""It's a functional commercial space, neither overtly positive nor negative, just a typical urban setting."", ""It's a functional commercial space, neither overtly positive nor negative, just a typical urban setting."", ""It's a functional commercial space, neither overtly positive nor negative, just a typical urban setting.""]"
120,102,120_simple_thing_vibe_calm,"['simple', 'thing', 'vibe', 'calm', 'right', 'nature', 'peaceful scene', 'little', 'peaceful', 'setting feels']","[""It's just a sweet, simple scene that gives off a really calm and cozy vibe."", ""It's just a sweet, simple scene that gives off a really calm and cozy vibe."", ""It's just a sweet, simple scene that gives off a really calm and cozy vibe.""]"
121,102,121_somewhat stark_presents_stark_image presents,"['somewhat stark', 'presents', 'stark', 'image presents', 'natural', 'feeling image', 'urban', 'mix', 'strongly evoke', 'quite neutral']","['The image presents a somewhat stark natural view contrasting with the distant urban sprawl, resulting in a neutral feeling.', 'The image presents a somewhat stark natural foreground contrasting with the distant urban sprawl, resulting in a neutral emotional reading.', 'The image presents a somewhat stark natural view contrasting with the distant urban sprawl, resulting in a neutral emotional reading.']"
122,101,122_making_typical urban_urban scene_quite neutral,"['making', 'typical urban', 'urban scene', 'quite neutral', 'cues', 'emotional cues', 'image presents', 'presents', 'typical', 'strong emotional']","['The image presents a typical urban scene without strong emotional cues, making it feel quite neutral.', 'The image presents a typical urban scene without strong emotional cues, making it feel quite neutral.', 'The image presents a typical urban scene without strong emotional cues, making it feel quite neutral.']"
123,101,123_chaotic_event_clearly_negative,"['chaotic', 'event', 'clearly', 'negative', 'presence', 'situation', 'deeply', '', '', '']","['The sheer scale of the destruction and the presence of emergency personnel clearly indicate a negative and chaotic event.', 'The sheer scale of the destruction and the presence of emergency personnel clearly indicate a negative and chaotic event.', 'The sheer scale of the destruction and the presence of emergency personnel clearly indicate a negative and chaotic event.']"
124,101,124_disrepair suggest_general state_speaks lack_lack,"['disrepair suggest', 'general state', 'speaks lack', 'lack', 'civic', 'upkeep', 'general', 'infrastructure', 'state disrepair', 'disrepair']","['The visible rust and general state of disrepair suggest a lack of upkeep, which is typical of neglected infrastructure.', 'The visible rust and general state of disrepair suggest a lack of upkeep, which is typical of neglected infrastructure.', 'The visible rust and general state of disrepair suggest a lack of upkeep, which is typical of neglected infrastructure.']"
125,100,125_feel little_hopeful_little_nature,"['feel little', 'hopeful', 'little', 'nature', 'seeing', 'feel', 'clear', '', '', '']","['I feel a little hopeful seeing this path winding through nature, even with the fallen leaves.', 'I feel a little hopeful seeing this path winding through nature, even with the fallen leaves.', 'I feel a little hopeful seeing this path winding through nature, even with the fallen leaves.']"
126,100,126_country_just regular_regular_road,"['country', 'just regular', 'regular', 'road', 'upsetting just', 'exciting upsetting', 'upsetting', 'exciting', 'just', '']","[""It's just a regular country road, nothing exciting or upsetting about it."", ""It's just a regular country road, nothing exciting or upsetting about it."", ""It's just a regular country road, nothing exciting or upsetting about it.""]"
127,99,127_brings_warm_bit_domestic,"['brings', 'warm', 'bit', 'domestic', 'simple', 'gives', 'little', 'everyday', 'pleasant', 'sunlight']","['It just brings a little bit of comfort and sweetness to a quiet corner of the house.', 'It just brings a little bit of warmth and sweetness to a quiet corner of the house.', 'It just brings a little bit of comfort and sweetness to a quiet spot in the house.']"
128,99,128_upsetting just_just picture_picture_exciting upsetting,"['upsetting just', 'just picture', 'picture', 'exciting upsetting', 'upsetting', 'exciting', 'particularly exciting', 'striking upsetting', 'particularly', 'particularly striking']","[""It's just a picture of a hillside with a fence, nothing too exciting or upsetting about it."", ""It's just a picture of a hillside with a fence, nothing too exciting or upsetting about it."", ""It's just a picture of a hillside with a fence, nothing too exciting or upsetting about it.""]"
129,99,129_disrepair suggest_general state_given_lack care,"['disrepair suggest', 'general state', 'given', 'lack care', 'general', 'frustrating', 'need', 'suggest', 'care', 'visible']","['The visible corrosion and general state of disrepair suggest a lack of care, which is quite disheartening.', 'The visible corrosion and general state of disrepair suggest a lack of care, which is quite disheartening.', 'The visible corrosion and general state of disrepair suggest a lack of care, which is quite disheartening.']"
130,99,130_unremarkable_road_calm_scene feels,"['unremarkable', 'road', 'calm', 'scene feels', 'quite', 'feels quite', 'view', 'vibrant', 'falling', 'falling apart']","[""It's a very straightforward view of a rural road, which strikes me as quite calm and unremarkable."", ""It's a very straightforward view of a rural road, which strikes me as quite calm and unremarkable."", ""It's a very straightforward view of a rural road, which strikes me as quite calm and unremarkable.""]"
131,98,131_sun_trees_way_analytical standpoint,"['sun', 'trees', 'way', 'analytical standpoint', 'overtly', 'standpoint', 'analytical', 'urban setting', 'beautiful', 'gathering']","[""Even though it's a city, the way the sun is shining through the trees gives it a really peaceful and beautiful feeling."", ""Even though it's a city, the way the sun is shining through the trees gives it a really peaceful and beautiful feeling."", ""Even though it's a city, the way the sun hits the trees gives it a really peaceful and beautiful feeling.""]"
132,98,132_particularly exciting_street scene_exciting upsetting_upsetting,"['particularly exciting', 'street scene', 'exciting upsetting', 'upsetting', 'particularly', 'upsetting just', 'exciting', 'just typical', 'street', 'just picture']","[""It's just a picture of a path through the woods, nothing particularly exciting or upsetting about it."", ""It's just a picture of a path through the woods, nothing particularly exciting or upsetting about it."", ""It's just a picture of a path through the woods, nothing particularly exciting or upsetting about it.""]"
133,97,133_darkness_heavy_uneasy_tone,"['darkness', 'heavy', 'uneasy', 'tone', 'bleak', 'feel bit', 'feeling', 'make feel', 'enclosed', 'decidedly']","[""The heavy darkness and the feeling of being trapped in that narrow space just makes me feel a little uneasy about what's out there."", ""The heavy darkness and the feeling of being trapped in that narrow space just makes me feel a little uneasy about what's out there."", ""The heavy darkness and the feeling of being trapped in that narrow space just makes me feel a bit uneasy about what's out there.""]"
134,97,134_ultimately_creates_imposing_neutral feeling,"['ultimately', 'creates', 'imposing', 'neutral feeling', 'architecture', 'somewhat', 'neutral', 'feeling', 'space', 'quite neutral']","['The symmetrical architecture creates a somewhat imposing but ultimately neutral feeling in this transit space.', 'The symmetrical architecture creates a somewhat imposing but ultimately neutral feeling in this transit space.', 'The symmetrical architecture creates a somewhat imposing but ultimately neutral feeling in this transit space.']"
135,97,135_feelings_strong feelings_doesnt_building,"['feelings', 'strong feelings', 'doesnt', 'building', 'just picture', 'picture', 'strong', 'surface', 'just', '']","[""It's just a picture of a building, and honestly, it doesn't stir up any strong feelings in me."", ""It's just a picture of a building, and honestly, it doesn't stir up any strong feelings in me."", ""It's just a picture of a building, and honestly, it doesn't stir up any strong feelings in me.""]"
136,97,136_structure_albeit somewhat_somewhat neglected_melancholic,"['structure', 'albeit somewhat', 'somewhat neglected', 'melancholic', 'visible', 'thing', 'deal', 'texture', 'albeit', 'certain']","['The aged stonework and visible wear give the structure a historical, albeit somewhat neglected, feel.', 'The aged stonework and visible wear give the structure a historical, albeit somewhat neglected, feel.', 'The aged stonework and visible wear give the structure a historical, albeit somewhat neglected, feel.']"
137,97,137_showing_old_piece_architecture,"['showing', 'old', 'piece', 'architecture', 'particularly exciting', 'upsetting just', 'particularly', 'exciting upsetting', 'upsetting', 'exciting']","[""It's just an old piece of architecture showing its age, nothing particularly exciting or upsetting."", ""It's just an old piece of architecture showing its age, nothing particularly exciting or upsetting."", ""It's just an old piece of architecture showing its age, nothing particularly exciting or upsetting.""]"
138,96,138_kind disruption_suggests kind_disruption_police,"['kind disruption', 'suggests kind', 'disruption', 'police', 'life', 'normal', 'bad just', 'guess', 'kind', 'suggests']","['The presence of multiple vehicles and police suggests some kind of disruption to the normal flow of urban life.', 'The presence of multiple vehicles and police suggests some kind of disruption to the normal flow of urban life.', 'The presence of multiple vehicles and police suggests some kind of disruption to the normal flow of urban life.']"
139,96,139_leading_leading neutral_neutral assessment_assessment,"['leading', 'leading neutral', 'neutral assessment', 'assessment', 'setting feels', 'just functional', 'utilitarian', 'strong feelings', 'piece infrastructure', 'setting']","['The setting feels utilitarian and neglected, but the objects themselves are just functional items, leading to a neutral assessment.', 'The setting feels utilitarian and neglected, but the objects themselves are just functional containers, leading to a neutral assessment.', 'The setting feels utilitarian and neglected, but the objects themselves are just functional, leading to a neutral assessment.']"
140,96,140_looking_just normal_make_look,"['looking', 'just normal', 'make', 'look', 'day', 'colors', 'going', 'normal', 'bright', 'people']","['The bright colors of the rock make this look like something worth looking at, which is what matters.', 'The bright colors of the rock make this look like something worth looking at, which is what matters.', 'The bright colors of the rock make this look like something worth looking at, which is all that matters.']"
141,95,141_infrastructure particularly_particularly good_doing_bad just,"['infrastructure particularly', 'particularly good', 'doing', 'bad just', 'good bad', 'bad', 'particularly exciting', 'daily', 'good', 'just snapshot']","[""It's just a snapshot of daily infrastructure, which is neither particularly good nor bad."", ""It's just a snapshot of daily infrastructure, which is neither particularly good nor bad."", ""It's just a snapshot of daily infrastructure, which is neither particularly good nor bad.""]"
142,95,142_peace_sun_need_feel little,"['peace', 'sun', 'need', 'feel little', 'little', 'bit', 'seeing', 'makes feel', 'makes', 'chaotic']","['Seeing that cat just chilling in the sun makes me feel a little bit of peace, which is what we need these days.', 'Seeing that cat just relaxing in the sun makes me feel a little bit of peace, which is what I need these days.', 'Seeing that cat just chilling in the sun makes me feel a little bit of peace, which is what I need these days.']"
143,95,143_feel strongly_bad just_problem_immediately,"['feel strongly', 'bad just', 'problem', 'immediately', 'sight', 'things just', 'dont', 'strongly', 'good bad', 'bad']","[""It's just a snapshot of the landscape, and I don't feel strongly one way or the other about the view."", ""It's just a snapshot of the landscape, and I don't feel strongly one way or the other about the view."", ""It's just a snapshot of the landscape, and I don't feel strongly one way or the other about the view.""]"
144,93,144_activity_suggest_bright_visible,"['activity', 'suggest', 'bright', 'visible', 'nature', '', '', '', '', '']","['The focused activity and the dynamic visual of the sparks suggest a productive and engaging process.', 'The focused activity and the dynamic visual of the sparks suggest a productive and engaging process.', 'The focused activity and the dynamic visual of the sparks suggest a productive and engaging process.']"
145,92,145_image presents_presents_urban scene_muted,"['image presents', 'presents', 'urban scene', 'muted', 'captures', 'image', 'somewhat stark', 'urban', 'standard', 'greenery']","['The image presents a standard urban scene with a mix of architecture and greenery, which is neither particularly uplifting nor depressing.', 'The image presents a standard urban scene with a mix of architecture and greenery, which is neither particularly uplifting nor depressing.', 'The image presents a standard urban scene with a mix of architecture and greenery, which is neither particularly uplifting nor depressing.']"
146,92,146_gives somewhat_ultimately_somber_neutral feeling,"['gives somewhat', 'ultimately', 'somber', 'neutral feeling', 'shows', 'issues', 'clear', 'structure', 'frustrating', 'overall state']","['The structure shows clear signs of age and deterioration, which gives it a somewhat somber but ultimately neutral feeling.', 'The structure shows clear signs of age and deterioration, which gives it a somewhat somber but ultimately neutral feeling.', 'The structure shows clear signs of age and deterioration, which gives it a somewhat somber but ultimately neutral feeling.']"
147,91,147_ongoing_emotionally charged_purely_charged,"['ongoing', 'emotionally charged', 'purely', 'charged', 'emotionally', 'observational', 'industrial', 'appears', 'scene depicts', 'registers']","['The scene depicts ongoing industrial work within a confined space, which registers as purely functional rather than emotionally charged.', 'The scene depicts ongoing industrial work within a confined space, which registers as purely functional rather than emotionally charged.', 'The scene depicts ongoing industrial work within a confined space, which registers as purely functional rather than emotionally charged.']"
148,91,148_isnt_suggests kind_exactly_presence large,"['isnt', 'suggests kind', 'exactly', 'presence large', 'large', 'unrest', 'police', 'kind', 'sight', 'decay emptiness']","[""The presence of a large group of people and police suggests some kind of unrest, which isn't exactly a happy sight."", ""The presence of a large group of people and police suggests some kind of unrest, which isn't exactly a happy sight."", ""The presence of a large group of people and police suggests some kind of unrest, which isn't exactly a happy sight.""]"
149,91,149_suggesting_form_tense_unrest,"['suggesting', 'form', 'tense', 'unrest', 'public', 'atmosphere', 'feels', 'gathered', 'kind', 'people']","['The atmosphere feels tense, suggesting some form of public demonstration or unrest.', 'The atmosphere feels tense, suggesting some form of public demonstration or unrest.', 'The atmosphere feels tense, suggesting some form of public demonstration or unrest.']"
150,90,150_beauty_colors_expansive view_expansive,"['beauty', 'colors', 'expansive view', 'expansive', 'tranquil', 'natural', 'evoke', 'beautiful', 'view', 'sense']","['The expansive view and the beautiful colors of the sunset evoke a sense of peacefulness and natural beauty.', 'The expansive view and the beautiful colors of the sunset evoke a sense of peacefulness and natural beauty.', 'The expansive view and the beautiful colors of the sunset evoke a sense of peacefulness and natural beauty.']"
151,90,151_just regular_regular_street_art,"['just regular', 'regular', 'street', 'art', 'street scene', 'upsetting just', 'exciting upsetting', 'upsetting', 'exciting', 'scene']","[""It's just a regular scene with some street art and a cone, nothing too exciting or upsetting."", ""It's just a regular scene with some street art and a cone, nothing too exciting or upsetting."", ""It's just a regular scene with some street art and a cone, nothing too exciting or upsetting.""]"
152,90,152_muted_just shows_slightly_shows,"['muted', 'just shows', 'slightly', 'shows', 'albeit', 'little', 'colors', 'care', 'expansive view', 'expansive']","['The expansive view and the colors of the sunset give it a peaceful, albeit slightly muted, feeling.', 'The expansive view and the colors of the sunset give it a peaceful, albeit slightly muted, feeling.', 'The expansive view and the colors of the sunset give it a peaceful, albeit slightly muted, feeling.']"
153,90,153_home_sun_just normal_quiet,"['home', 'sun', 'just normal', 'quiet', 'expect', 'normal', 'evokes sense', 'sense quiet', 'open', 'evokes']","[""It's just a normal, quiet scene of a cat relaxing in the sun at home."", ""It's just a normal, quiet scene of a cat relaxing in the sun at home."", ""It's just a normal, quiet scene of a cat relaxing in the sun at home.""]"
154,89,154_showing_old_structure_upsetting just,"['showing', 'old', 'structure', 'upsetting just', 'exciting upsetting', 'exciting', 'upsetting', 'depressing just', 'exciting depressing', 'just']","[""It's just an old structure showing its age, nothing too exciting or upsetting about it."", ""It's just an old structure showing its age, nothing too exciting or upsetting about it."", ""It's just an old structure showing its age, nothing too exciting or upsetting about it.""]"
155,89,155_striking_beauty_make_interesting,"['striking', 'beauty', 'make', 'interesting', 'colors', 'decidedly', 'vibrant', 'positive', 'nature', 'texture']","['The striking beauty and rich colors of the specimen give this image a decidedly positive and interesting feel.', 'The striking beauty and rich colors of the specimen give this image a decidedly positive and interesting feel.', 'The striking beauty and rich colors of the specimen give this image a decidedly positive and interesting feel.']"
156,87,156_distinctly negative_distinctly_melancholic_evokes,"['distinctly negative', 'distinctly', 'melancholic', 'evokes', 'abandonment space', 'pervasive sense', 'sense decay', 'abandonment', 'pervasive', 'decay']","['The pervasive sense of decay and abandonment in this space evokes a distinctly negative and melancholic feeling.', 'The pervasive sense of decay and abandonment in this space evokes a distinctly negative and melancholic feeling.', 'The pervasive sense of decay and abandonment in this space evokes a distinctly negative and melancholic feeling.']"
157,87,157_showing_old_structure_particularly exciting,"['showing', 'old', 'structure', 'particularly exciting', 'upsetting just', 'upsetting', 'exciting upsetting', 'particularly', 'exciting', 'particularly inspiring']","[""It's just an old structure showing its age, nothing particularly exciting or upsetting about it."", ""It's just an old structure showing its age, nothing particularly exciting or upsetting about it."", ""It's just an old structure showing its age, nothing particularly exciting or upsetting about it.""]"
158,87,158_lack proper_proper upkeep_general state_proper,"['lack proper', 'proper upkeep', 'general state', 'proper', 'disappointing', 'disrepair suggest', 'general', 'upkeep', 'frankly', 'arent']","['The visible corrosion and general state of disrepair suggest a lack of proper upkeep, which is frankly disappointing.', 'The visible corrosion and general state of disrepair suggest a lack of proper upkeep, which is frankly disappointing.', 'The visible corrosion and general state of disrepair suggest a lack of proper upkeep, which is frankly disappointing.']"
159,87,159_sense quiet_open_clear sky_sky,"['sense quiet', 'open', 'clear sky', 'sky', 'particularly good', 'necessary', 'depiction', 'good bad', 'quiet', 'bad']","['The open fields and clear sky give it a sense of quiet order, which is what I prefer.', 'The open fields and clear sky give it a sense of quiet order, which is what I prefer.', 'The open fields and clear sky give it a sense of quiet order, which is what I prefer.']"
160,86,160_just shows_shows_grim_seeing,"['just shows', 'shows', 'grim', 'seeing', 'decidedly', 'industrial', 'doing', 'city', 'gives', 'feeling']","[""Seeing that much smoke coming out of those factories just shows how much they're polluting the air we breathe."", ""Seeing that much smoke coming out of those factories just shows how much they're polluting the air we breathe."", ""Seeing that much smoke coming out of those factories just shows how much they're polluting our air.""]"
161,86,161_dark_peaceful_hopeful_bit,"['dark', 'peaceful', 'hopeful', 'bit', 'look', 'calm feeling', 'setting', 'gentle', 'feeling', 'light']","[""Even though it's a bit dark, the peaceful setting and the blossoms give it a quiet, hopeful feeling."", ""Even though it's a bit dark, the peaceful look of the setting and the blossoms gives it a quiet, hopeful feeling."", ""Even though it's a bit dark, the peaceful look of the setting and the blossoms gives it a quiet, hopeful feeling.""]"
162,86,162_public space_everyday_moment_public,"['public space', 'everyday', 'moment', 'public', 'ordinary', 'scene depicts', 'scene feels', 'feels quite', 'suggesting', 'depicts']","['The scene feels quite ordinary, suggesting a calm moment in a public space without strong emotional undertones.', 'The scene depicts everyday activity in a public space, which strikes me as quite ordinary.', 'The scene depicts everyday activity in a public space, which strikes me as quite ordinary and balanced.']"
163,86,163_shot_depressing just_exciting depressing_landscape,"['shot', 'depressing just', 'exciting depressing', 'landscape', 'depressing', 'exciting', 'just', 'lean', 'way just', 'way']","[""It's just a landscape shot, nothing too exciting or depressing about it."", ""It's just a landscape shot, nothing too exciting or depressing about it."", ""It's just a landscape shot, nothing too exciting or depressing about it.""]"
164,85,164_natural elements_certain_elements_sunlight,"['natural elements', 'certain', 'elements', 'sunlight', 'natural', 'quality', 'strong', 'unremarkable', 'presenting', 'scene quite']","['The strong sunlight and the natural elements give the scene a certain rugged, yet appealing, quality.', 'The strong sunlight and the natural elements give the scene a certain rugged, yet appealing, quality.', 'The strong sunlight and the natural elements give the scene a certain rugged, yet appealing, quality.']"
165,84,165_clean_wood_create_neutral feeling,"['clean', 'wood', 'create', 'neutral feeling', 'texture', 'calm', 'neutral', 'feeling', 'albeit', '']","['The clean lines and rich texture of the wood create a very calm and neutral feeling.', 'The clean lines and rich texture of the wood create a very calm and neutral feeling.', 'The clean lines and rich texture of the wood create a very calm and neutral feeling.']"
166,84,166_kind_isnt_gathering_looks like,"['kind', 'isnt', 'gathering', 'looks like', 'protest', 'sight', 'exactly', 'looks', 'like', 'unrest']","[""The gathering looks like some kind of protest, which usually means trouble and isn't a happy sight."", ""The gathering looks like some kind of protest, which usually means trouble and isn't a happy sight."", ""The gathering looks like some kind of protest, which usually means trouble and isn't a happy sight.""]"
167,84,167_cues_emotional cues_neutral_image,"['cues', 'emotional cues', 'neutral', 'image', 'depiction', 'strong emotional', 'clean', 'registers neutral', 'emotional', 'wood']","['The image is just a neutral depiction of flooring, offering no strong emotional cues.', 'The image is just a neutral depiction of a floor, offering no strong emotional cues.', 'The image is just a neutral depiction of a floor, offering no strong emotional cues.']"
168,84,168_strong feelings_feelings_public spaces_doing,"['strong feelings', 'feelings', 'public spaces', 'doing', 'just looks', 'spaces', 'dark', 'dont', 'albeit', 'normal']","[""It just looks like a normal, albeit dark, work site, and I don't have strong feelings about it."", ""It just looks like a normal, albeit dark, work site, and I don't have strong feelings about it."", ""It just looks like a normal, albeit dark, work site, and I don't have strong feelings about it.""]"
169,83,169_traffic_moving_registers neutral_captures,"['traffic', 'moving', 'registers neutral', 'captures', 'urban infrastructure', 'analytical standpoint', 'standpoint', 'analytical', 'registers', 'typical scene']","['The image captures a typical scene of urban infrastructure and movement, which registers as neutral from an analytical standpoint.', 'The image captures a mundane scene of traffic and road infrastructure, which registers as neutral from an analytical standpoint.', 'The image captures a mundane scene of traffic and infrastructure, which registers as neutral from an analytical standpoint.']"
170,83,170_day_like just_just normal_happening,"['day', 'like just', 'just normal', 'happening', 'normal', 'decent', 'trees', 'like', 'despite', 'nice']","['It seems like just a normal day out, nothing too exciting or upsetting is happening here.', 'It seems like just a normal day out, nothing too exciting or upsetting is happening here.', 'It seems like just a normal day out, nothing too exciting or upsetting is happening here.']"
171,83,171_everyday_people gathered_gathered_calm,"['everyday', 'people gathered', 'gathered', 'calm', 'really stands', 'stands', 'construction', 'people', 'road', 'really']","[""Even though it's just an everyday scene, the people seem to be gathered in a relatively calm and shaded spot."", ""Even though it's just an everyday scene, the people seem to be gathered in a relatively calm and shaded spot."", ""Even though it's just an everyday scene, the people seem to be gathered in a relatively calm and shaded spot.""]"
172,83,172_feel strongly_space quite_decay neglect_pervasive sense,"['feel strongly', 'space quite', 'decay neglect', 'pervasive sense', 'sense decay', 'quite disheartening', 'dont', 'neglect space', 'way', 'way just']","['The pervasive sense of decay and neglect in this space is quite disheartening.', 'The pervasive sense of decay and neglect in this space is quite disheartening.', 'The pervasive sense of decay and neglect in this space is quite disheartening.']"
173,82,173_imposing_mix_neutral feeling_natural elements,"['imposing', 'mix', 'neutral feeling', 'natural elements', 'elements', 'architecture', 'natural', 'presents', 'neutral', 'feeling']","['The composition presents a mix of imposing architecture and natural elements, resulting in a balanced, neutral feeling.', 'The composition presents a mix of imposing architecture and natural elements, resulting in a balanced, neutral feeling.', 'The composition presents a mix of imposing architecture and natural elements, resulting in a balanced, neutral feeling.']"
174,82,174_scene pleasant_bright sunlight_albeit_greenery,"['scene pleasant', 'bright sunlight', 'albeit', 'greenery', 'quality', 'sunlight', 'pleasant', 'bright', 'busy', 'urban']","['The bright sunlight and established greenery give the scene a pleasant, albeit urban, quality.', 'The bright sunlight and established greenery give the scene a pleasant, albeit urban, quality.', 'The bright sunlight and established greenery give the scene a pleasant, albeit urban, quality.']"
175,82,175_mess_upkeep_kinds_spaces,"['mess', 'upkeep', 'kinds', 'spaces', 'systemic neglect', 'lack', 'public spaces', 'visible', 'systemic', 'really']","['The visible mess and lack of upkeep really highlight the systemic neglect in these kinds of public spaces.', 'The visible mess and lack of upkeep really highlight the systemic neglect in these kinds of public spaces.', 'The visible mess and lack of upkeep really highlight the systemic neglect in these kinds of public spaces.']"
176,82,176_disrepair neglect_clearly_neglect space_lack care,"['disrepair neglect', 'clearly', 'neglect space', 'lack care', 'state disrepair', 'disrepair', 'lack', 'upkeep', 'care', 'neglect']","['The state of disrepair and neglect in this space clearly indicates a lack of care and upkeep.', 'The state of disrepair and neglect in this space clearly indicates a lack of care and upkeep.', 'The state of disrepair and neglect in this space clearly indicates a lack of care and upkeep.']"
177,82,177_moving_urban setting_appears_ordinary,"['moving', 'urban setting', 'appears', 'ordinary', 'day', 'typical', 'people', 'setting', 'urban', 'quite']","['It appears to be a typical day with people moving about in an urban setting, which strikes me as quite ordinary.', 'It appears to be a typical day with people moving about in an urban setting, which strikes me as quite ordinary.', 'It appears to be a typical day with people moving about in an urban setting, which strikes me as quite ordinary.']"
178,82,178_registers neutral_work_environment_registers,"['registers neutral', 'work', 'environment', 'registers', 'routine', 'standard', 'neutral', 'given', 'im', 'appears']","['It seems like a routine work environment, which registers as neutral without more context about the project.', 'It seems like a routine work environment, which registers as neutral without more context about the project.', 'It seems like a routine work environment, which registers as neutral without more context about the project.']"
179,81,179_melancholic_neglected just_old_sense neglect,"['melancholic', 'neglected just', 'old', 'sense neglect', 'evokes', 'emptiness space', 'place looks', 'emptiness', 'place', 'overall']","['The overall sense of neglect and emptiness in this space evokes a rather melancholic feeling.', 'The overall sense of neglect and emptiness in this space evokes a rather melancholic feeling.', 'The overall sense of neglect and emptiness in this space evokes a rather melancholic feeling.']"
180,81,180_art_street_construction_upsetting just,"['art', 'street', 'construction', 'upsetting just', 'exciting upsetting', 'piece', 'upsetting', 'exciting', 'just', 'picture']","[""It's just a piece of street art next to some construction gear, nothing too exciting or upsetting."", ""It's just a piece of street art next to some construction gear, nothing too exciting or upsetting."", ""It's just a piece of street art next to some construction gear, nothing too exciting or upsetting.""]"
181,81,181_really stands_stands_just normal_bad just,"['really stands', 'stands', 'just normal', 'bad just', 'going just', 'standard', 'shot', 'good bad', 'bad', 'greenery']","[""It's just a standard shot of city buildings with some greenery, nothing really stands out as good or bad."", ""It's just a standard shot of city buildings and some greenery, nothing really stands out as good or bad."", ""It's just a standard shot of city buildings with some greenery, nothing really stands out as good or bad.""]"
182,80,182_appreciate_utilitarian_leaning_art,"['appreciate', 'utilitarian', 'leaning', 'art', 'simple', 'exciting depressing', 'wood', 'just picture', 'picture', 'exciting']","['I appreciate the artistic touch of the pavement design, even with the utilitarian cone nearby.', 'I appreciate the artistic effort in the pavement design, even though the cone is rather utilitarian.', 'I appreciate the artistic touch of the pavement design, even with the utilitarian cone nearby.']"
